Copyright 1986-2022 Xilinx, Inc. All Rights Reserved. Copyright 2022-2024 Advanced Micro Devices, Inc. All Rights Reserved.
------------------------------------------------------------------------------------------------------------------------------------------------------------------------------------------------------------------
| Tool Version : Vivado v.2024.2 (win64) Build 5239630 Fri Nov 08 22:35:27 MST 2024
| Date         : Wed Jan 28 14:10:44 2026
| Host         : DESKTOP-VAD40IB running 64-bit major release  (build 9200)
| Command      : report_timing_summary -max_paths 10 -report_unconstrained -file mlp_top_timing_summary_routed.rpt -pb mlp_top_timing_summary_routed.pb -rpx mlp_top_timing_summary_routed.rpx -warn_on_violation
| Design       : mlp_top
| Device       : 7a35t-ftg256
| Speed File   : -1  PRODUCTION 1.23 2018-06-13
| Design State : Routed
------------------------------------------------------------------------------------------------------------------------------------------------------------------------------------------------------------------

Timing Summary Report

------------------------------------------------------------------------------------------------
| Timer Settings
| --------------
------------------------------------------------------------------------------------------------

  Enable Multi Corner Analysis               :  Yes
  Enable Pessimism Removal                   :  Yes
  Pessimism Removal Resolution               :  Nearest Common Node
  Enable Input Delay Default Clock           :  No
  Enable Preset / Clear Arcs                 :  No
  Disable Flight Delays                      :  No
  Ignore I/O Paths                           :  No
  Timing Early Launch at Borrowing Latches   :  No
  Borrow Time for Max Delay Exceptions       :  Yes
  Merge Timing Exceptions                    :  Yes
  Inter-SLR Compensation                     :  Conservative

  Corner  Analyze    Analyze    
  Name    Max Paths  Min Paths  
  ------  ---------  ---------  
  Slow    Yes        Yes        
  Fast    Yes        Yes        


------------------------------------------------------------------------------------------------
| Report Methodology
| ------------------
------------------------------------------------------------------------------------------------

Rule     Severity  Description                                 Violations  
-------  --------  ------------------------------------------  ----------  
SYNTH-6  Warning   Timing of a RAM block might be sub-optimal  6           

Note: This report is based on the most recent report_methodology run and may not be up-to-date. Run report_methodology on the current design for the latest report.



check_timing report

Table of Contents
-----------------
1. checking no_clock (0)
2. checking constant_clock (0)
3. checking pulse_width_clock (0)
4. checking unconstrained_internal_endpoints (0)
5. checking no_input_delay (95)
6. checking no_output_delay (36)
7. checking multiple_clock (0)
8. checking generated_clocks (0)
9. checking loops (0)
10. checking partial_input_delay (0)
11. checking partial_output_delay (0)
12. checking latch_loops (0)

1. checking no_clock (0)
------------------------
 There are 0 register/latch pins with no clock.


2. checking constant_clock (0)
------------------------------
 There are 0 register/latch pins with constant_clock.


3. checking pulse_width_clock (0)
---------------------------------
 There are 0 register/latch pins which need pulse_width check


4. checking unconstrained_internal_endpoints (0)
------------------------------------------------
 There are 0 pins that are not constrained for maximum delay.

 There are 0 pins that are not constrained for maximum delay due to constant clock.


5. checking no_input_delay (95)
-------------------------------
 There are 0 input ports with no input delay specified.

 There are 95 input ports with no input delay but user has a false path constraint. (MEDIUM)


6. checking no_output_delay (36)
--------------------------------
 There are 0 ports with no output delay specified.

 There are 36 ports with no output delay but user has a false path constraint (MEDIUM)

 There are 0 ports with no output delay but with a timing clock defined on it or propagating through it


7. checking multiple_clock (0)
------------------------------
 There are 0 register/latch pins with multiple clocks.


8. checking generated_clocks (0)
--------------------------------
 There are 0 generated clocks that are not connected to a clock source.


9. checking loops (0)
---------------------
 There are 0 combinational loops in the design.


10. checking partial_input_delay (0)
------------------------------------
 There are 0 input ports with partial input delay specified.


11. checking partial_output_delay (0)
-------------------------------------
 There are 0 ports with partial output delay specified.


12. checking latch_loops (0)
----------------------------
 There are 0 combinational latch loops in the design through latch input



------------------------------------------------------------------------------------------------
| Design Timing Summary
| ---------------------
------------------------------------------------------------------------------------------------

    WNS(ns)      TNS(ns)  TNS Failing Endpoints  TNS Total Endpoints      WHS(ns)      THS(ns)  THS Failing Endpoints  THS Total Endpoints     WPWS(ns)     TPWS(ns)  TPWS Failing Endpoints  TPWS Total Endpoints  
    -------      -------  ---------------------  -------------------      -------      -------  ---------------------  -------------------     --------     --------  ----------------------  --------------------  
      2.391        0.000                      0                 1043        0.192        0.000                      0                 1043        4.500        0.000                       0                   572  


All user specified timing constraints are met.


------------------------------------------------------------------------------------------------
| Clock Summary
| -------------
------------------------------------------------------------------------------------------------

Clock  Waveform(ns)       Period(ns)      Frequency(MHz)
-----  ------------       ----------      --------------
clk    {0.000 5.000}      10.000          100.000         


------------------------------------------------------------------------------------------------
| Intra Clock Table
| -----------------
------------------------------------------------------------------------------------------------

Clock             WNS(ns)      TNS(ns)  TNS Failing Endpoints  TNS Total Endpoints      WHS(ns)      THS(ns)  THS Failing Endpoints  THS Total Endpoints     WPWS(ns)     TPWS(ns)  TPWS Failing Endpoints  TPWS Total Endpoints  
-----             -------      -------  ---------------------  -------------------      -------      -------  ---------------------  -------------------     --------     --------  ----------------------  --------------------  
clk                 2.391        0.000                      0                 1043        0.192        0.000                      0                 1043        4.500        0.000                       0                   572  


------------------------------------------------------------------------------------------------
| Inter Clock Table
| -----------------
------------------------------------------------------------------------------------------------

From Clock    To Clock          WNS(ns)      TNS(ns)  TNS Failing Endpoints  TNS Total Endpoints      WHS(ns)      THS(ns)  THS Failing Endpoints  THS Total Endpoints  
----------    --------          -------      -------  ---------------------  -------------------      -------      -------  ---------------------  -------------------  


------------------------------------------------------------------------------------------------
| Other Path Groups Table
| -----------------------
------------------------------------------------------------------------------------------------

Path Group    From Clock    To Clock          WNS(ns)      TNS(ns)  TNS Failing Endpoints  TNS Total Endpoints      WHS(ns)      THS(ns)  THS Failing Endpoints  THS Total Endpoints  
----------    ----------    --------          -------      -------  ---------------------  -------------------      -------      -------  ---------------------  -------------------  


------------------------------------------------------------------------------------------------
| User Ignored Path Table
| -----------------------
------------------------------------------------------------------------------------------------

Path Group    From Clock    To Clock    
----------    ----------    --------    
(none)        clk                         
(none)                      clk           


------------------------------------------------------------------------------------------------
| Unconstrained Path Table
| ------------------------
------------------------------------------------------------------------------------------------

Path Group    From Clock    To Clock    
----------    ----------    --------    


------------------------------------------------------------------------------------------------
| Timing Details
| --------------
------------------------------------------------------------------------------------------------


---------------------------------------------------------------------------------------------------
From Clock:  clk
  To Clock:  clk

Setup :            0  Failing Endpoints,  Worst Slack        2.391ns,  Total Violation        0.000ns
Hold  :            0  Failing Endpoints,  Worst Slack        0.192ns,  Total Violation        0.000ns
PW    :            0  Failing Endpoints,  Worst Slack        4.500ns,  Total Violation        0.000ns
---------------------------------------------------------------------------------------------------


Max Delay Paths
--------------------------------------------------------------------------------------
Slack (MET) :             2.391ns  (required time - arrival time)
  Source:                 datapath_weight_in_reg[5][2]/C
                            (rising edge-triggered cell FDCE clocked by clk  {rise@0.000ns fall@5.000ns period=10.000ns})
  Destination:            datapath_inst/mac_inst/products_reg[5][15]/D
                            (rising edge-triggered cell FDCE clocked by clk  {rise@0.000ns fall@5.000ns period=10.000ns})
  Path Group:             clk
  Path Type:              Setup (Max at Slow Process Corner)
  Requirement:            10.000ns  (clk rise@10.000ns - clk rise@0.000ns)
  Data Path Delay:        7.617ns  (logic 3.539ns (46.461%)  route 4.078ns (53.539%))
  Logic Levels:           9  (CARRY4=4 LUT2=2 LUT3=1 LUT4=1 LUT6=1)
  Clock Path Skew:        -0.032ns (DCD - SCD + CPR)
    Destination Clock Delay (DCD):    4.344ns = ( 14.344 - 10.000 ) 
    Source Clock Delay      (SCD):    4.711ns
    Clock Pessimism Removal (CPR):    0.336ns
  Clock Uncertainty:      0.035ns  ((TSJ^2 + TIJ^2)^1/2 + DJ) / 2 + PE
    Total System Jitter     (TSJ):    0.071ns
    Total Input Jitter      (TIJ):    0.000ns
    Discrete Jitter          (DJ):    0.000ns
    Phase Error              (PE):    0.000ns

    Location             Delay type                Incr(ns)  Path(ns)    Netlist Resource(s)
  -------------------------------------------------------------------    -------------------
                         (clock clk rise edge)        0.000     0.000 r  
    C11                                               0.000     0.000 r  clk (IN)
                         net (fo=0)                   0.000     0.000    clk
    C11                  IBUF (Prop_ibuf_I_O)         1.012     1.012 r  clk_IBUF_inst/O
                         net (fo=1, routed)           1.972     2.984    clk_IBUF
    BUFGCTRL_X0Y16       BUFG (Prop_bufg_I_O)         0.096     3.080 r  clk_IBUF_BUFG_inst/O
                         net (fo=571, routed)         1.631     4.711    clk_IBUF_BUFG
    SLICE_X60Y16         FDCE                                         r  datapath_weight_in_reg[5][2]/C
  -------------------------------------------------------------------    -------------------
    SLICE_X60Y16         FDCE (Prop_fdce_C_Q)         0.518     5.229 f  datapath_weight_in_reg[5][2]/Q
                         net (fo=16, routed)          1.020     6.249    datapath_inst/mac_inst/products_reg[5][15]_i_9_0[2]
    SLICE_X65Y18         LUT2 (Prop_lut2_I1_O)        0.152     6.401 r  datapath_inst/mac_inst/products[5][11]_i_49/O
                         net (fo=1, routed)           0.429     6.830    datapath_inst/mac_inst/products[5][11]_i_49_n_0
    SLICE_X64Y18         LUT6 (Prop_lut6_I3_O)        0.326     7.156 r  datapath_inst/mac_inst/products[5][11]_i_41/O
                         net (fo=1, routed)           0.000     7.156    datapath_inst/mac_inst/products[5][11]_i_41_n_0
    SLICE_X64Y18         CARRY4 (Prop_carry4_S[0]_CO[3])
                                                      0.513     7.669 r  datapath_inst/mac_inst/products_reg[5][11]_i_14/CO[3]
                         net (fo=1, routed)           0.000     7.669    datapath_inst/mac_inst/products_reg[5][11]_i_14_n_0
    SLICE_X64Y19         CARRY4 (Prop_carry4_CI_O[1])
                                                      0.323     7.992 r  datapath_inst/mac_inst/products_reg[5][11]_i_12/O[1]
                         net (fo=2, routed)           0.760     8.752    datapath_inst/mac_inst/products_reg[5][11]_i_12_n_6
    SLICE_X62Y19         LUT3 (Prop_lut3_I2_O)        0.332     9.084 r  datapath_inst/mac_inst/products[5][11]_i_4/O
                         net (fo=2, routed)           0.872     9.956    datapath_inst/mac_inst/products[5][11]_i_4_n_0
    SLICE_X62Y19         LUT4 (Prop_lut4_I0_O)        0.332    10.288 r  datapath_inst/mac_inst/products[5][11]_i_8/O
                         net (fo=1, routed)           0.000    10.288    datapath_inst/mac_inst/products[5][11]_i_8_n_0
    SLICE_X62Y19         CARRY4 (Prop_carry4_S[2]_CO[3])
                                                      0.398    10.686 r  datapath_inst/mac_inst/products_reg[5][11]_i_2/CO[3]
                         net (fo=1, routed)           0.000    10.686    datapath_inst/mac_inst/products_reg[5][11]_i_2_n_0
    SLICE_X62Y20         CARRY4 (Prop_carry4_CI_O[3])
                                                      0.313    10.999 r  datapath_inst/mac_inst/products_reg[5][15]_i_2/O[3]
                         net (fo=1, routed)           0.997    11.996    controller_inst/products_reg[5][15][3]
    SLICE_X59Y23         LUT2 (Prop_lut2_I0_O)        0.332    12.328 r  controller_inst/products[5][15]_i_1/O
                         net (fo=1, routed)           0.000    12.328    datapath_inst/mac_inst/products_reg[5][15]_0[15]
    SLICE_X59Y23         FDCE                                         r  datapath_inst/mac_inst/products_reg[5][15]/D
  -------------------------------------------------------------------    -------------------

                         (clock clk rise edge)       10.000    10.000 r  
    C11                                               0.000    10.000 r  clk (IN)
                         net (fo=0)                   0.000    10.000    clk
    C11                  IBUF (Prop_ibuf_I_O)         0.878    10.878 r  clk_IBUF_inst/O
                         net (fo=1, routed)           1.868    12.746    clk_IBUF
    BUFGCTRL_X0Y16       BUFG (Prop_bufg_I_O)         0.091    12.837 r  clk_IBUF_BUFG_inst/O
                         net (fo=571, routed)         1.506    14.344    datapath_inst/mac_inst/clk_IBUF_BUFG
    SLICE_X59Y23         FDCE                                         r  datapath_inst/mac_inst/products_reg[5][15]/C
                         clock pessimism              0.336    14.679    
                         clock uncertainty           -0.035    14.644    
    SLICE_X59Y23         FDCE (Setup_fdce_C_D)        0.075    14.719    datapath_inst/mac_inst/products_reg[5][15]
  -------------------------------------------------------------------
                         required time                         14.719    
                         arrival time                         -12.328    
  -------------------------------------------------------------------
                         slack                                  2.391    

Slack (MET) :             2.448ns  (required time - arrival time)
  Source:                 datapath_weight_in_reg[2][2]/C
                            (rising edge-triggered cell FDCE clocked by clk  {rise@0.000ns fall@5.000ns period=10.000ns})
  Destination:            datapath_inst/mac_inst/products_reg[2][15]/D
                            (rising edge-triggered cell FDCE clocked by clk  {rise@0.000ns fall@5.000ns period=10.000ns})
  Path Group:             clk
  Path Type:              Setup (Max at Slow Process Corner)
  Requirement:            10.000ns  (clk rise@10.000ns - clk rise@0.000ns)
  Data Path Delay:        7.520ns  (logic 3.177ns (42.248%)  route 4.343ns (57.752%))
  Logic Levels:           9  (CARRY4=4 LUT2=1 LUT3=1 LUT4=1 LUT6=2)
  Clock Path Skew:        -0.028ns (DCD - SCD + CPR)
    Destination Clock Delay (DCD):    4.351ns = ( 14.351 - 10.000 ) 
    Source Clock Delay      (SCD):    4.714ns
    Clock Pessimism Removal (CPR):    0.336ns
  Clock Uncertainty:      0.035ns  ((TSJ^2 + TIJ^2)^1/2 + DJ) / 2 + PE
    Total System Jitter     (TSJ):    0.071ns
    Total Input Jitter      (TIJ):    0.000ns
    Discrete Jitter          (DJ):    0.000ns
    Phase Error              (PE):    0.000ns

    Location             Delay type                Incr(ns)  Path(ns)    Netlist Resource(s)
  -------------------------------------------------------------------    -------------------
                         (clock clk rise edge)        0.000     0.000 r  
    C11                                               0.000     0.000 r  clk (IN)
                         net (fo=0)                   0.000     0.000    clk
    C11                  IBUF (Prop_ibuf_I_O)         1.012     1.012 r  clk_IBUF_inst/O
                         net (fo=1, routed)           1.972     2.984    clk_IBUF
    BUFGCTRL_X0Y16       BUFG (Prop_bufg_I_O)         0.096     3.080 r  clk_IBUF_BUFG_inst/O
                         net (fo=571, routed)         1.634     4.714    clk_IBUF_BUFG
    SLICE_X60Y13         FDCE                                         r  datapath_weight_in_reg[2][2]/C
  -------------------------------------------------------------------    -------------------
    SLICE_X60Y13         FDCE (Prop_fdce_C_Q)         0.518     5.232 r  datapath_weight_in_reg[2][2]/Q
                         net (fo=16, routed)          1.363     6.595    datapath_inst/mac_inst/products_reg[2][15]_i_9_0[2]
    SLICE_X62Y10         LUT6 (Prop_lut6_I0_O)        0.124     6.719 r  datapath_inst/mac_inst/products[2][11]_i_34/O
                         net (fo=2, routed)           0.785     7.504    datapath_inst/mac_inst/products[2][11]_i_34_n_0
    SLICE_X60Y12         LUT6 (Prop_lut6_I0_O)        0.124     7.628 r  datapath_inst/mac_inst/products[2][11]_i_38/O
                         net (fo=1, routed)           0.000     7.628    datapath_inst/mac_inst/products[2][11]_i_38_n_0
    SLICE_X60Y12         CARRY4 (Prop_carry4_S[3]_CO[3])
                                                      0.376     8.004 r  datapath_inst/mac_inst/products_reg[2][11]_i_14/CO[3]
                         net (fo=1, routed)           0.000     8.004    datapath_inst/mac_inst/products_reg[2][11]_i_14_n_0
    SLICE_X60Y13         CARRY4 (Prop_carry4_CI_O[0])
                                                      0.219     8.223 r  datapath_inst/mac_inst/products_reg[2][11]_i_12/O[0]
                         net (fo=2, routed)           0.647     8.870    datapath_inst/mac_inst/products_reg[2][11]_i_12_n_7
    SLICE_X61Y13         LUT3 (Prop_lut3_I2_O)        0.321     9.191 r  datapath_inst/mac_inst/products[2][11]_i_5/O
                         net (fo=2, routed)           0.859    10.050    datapath_inst/mac_inst/products[2][11]_i_5_n_0
    SLICE_X61Y13         LUT4 (Prop_lut4_I3_O)        0.326    10.376 r  datapath_inst/mac_inst/products[2][11]_i_9/O
                         net (fo=1, routed)           0.000    10.376    datapath_inst/mac_inst/products[2][11]_i_9_n_0
    SLICE_X61Y13         CARRY4 (Prop_carry4_S[1]_CO[3])
                                                      0.550    10.926 r  datapath_inst/mac_inst/products_reg[2][11]_i_2/CO[3]
                         net (fo=1, routed)           0.000    10.926    datapath_inst/mac_inst/products_reg[2][11]_i_2_n_0
    SLICE_X61Y14         CARRY4 (Prop_carry4_CI_O[3])
                                                      0.313    11.239 r  datapath_inst/mac_inst/products_reg[2][15]_i_2/O[3]
                         net (fo=1, routed)           0.690    11.928    controller_inst/products_reg[2][15][3]
    SLICE_X61Y17         LUT2 (Prop_lut2_I0_O)        0.306    12.234 r  controller_inst/products[2][15]_i_1/O
                         net (fo=1, routed)           0.000    12.234    datapath_inst/mac_inst/products_reg[2][15]_0[15]
    SLICE_X61Y17         FDCE                                         r  datapath_inst/mac_inst/products_reg[2][15]/D
  -------------------------------------------------------------------    -------------------

                         (clock clk rise edge)       10.000    10.000 r  
    C11                                               0.000    10.000 r  clk (IN)
                         net (fo=0)                   0.000    10.000    clk
    C11                  IBUF (Prop_ibuf_I_O)         0.878    10.878 r  clk_IBUF_inst/O
                         net (fo=1, routed)           1.868    12.746    clk_IBUF
    BUFGCTRL_X0Y16       BUFG (Prop_bufg_I_O)         0.091    12.837 r  clk_IBUF_BUFG_inst/O
                         net (fo=571, routed)         1.513    14.351    datapath_inst/mac_inst/clk_IBUF_BUFG
    SLICE_X61Y17         FDCE                                         r  datapath_inst/mac_inst/products_reg[2][15]/C
                         clock pessimism              0.336    14.686    
                         clock uncertainty           -0.035    14.651    
    SLICE_X61Y17         FDCE (Setup_fdce_C_D)        0.031    14.682    datapath_inst/mac_inst/products_reg[2][15]
  -------------------------------------------------------------------
                         required time                         14.682    
                         arrival time                         -12.234    
  -------------------------------------------------------------------
                         slack                                  2.448    

Slack (MET) :             2.459ns  (required time - arrival time)
  Source:                 datapath_weight_in_reg[5][2]/C
                            (rising edge-triggered cell FDCE clocked by clk  {rise@0.000ns fall@5.000ns period=10.000ns})
  Destination:            datapath_inst/mac_inst/products_reg[5][14]/D
                            (rising edge-triggered cell FDCE clocked by clk  {rise@0.000ns fall@5.000ns period=10.000ns})
  Path Group:             clk
  Path Type:              Setup (Max at Slow Process Corner)
  Requirement:            10.000ns  (clk rise@10.000ns - clk rise@0.000ns)
  Data Path Delay:        7.549ns  (logic 3.465ns (45.903%)  route 4.084ns (54.097%))
  Logic Levels:           9  (CARRY4=4 LUT2=2 LUT3=1 LUT4=1 LUT6=1)
  Clock Path Skew:        -0.032ns (DCD - SCD + CPR)
    Destination Clock Delay (DCD):    4.344ns = ( 14.344 - 10.000 ) 
    Source Clock Delay      (SCD):    4.711ns
    Clock Pessimism Removal (CPR):    0.336ns
  Clock Uncertainty:      0.035ns  ((TSJ^2 + TIJ^2)^1/2 + DJ) / 2 + PE
    Total System Jitter     (TSJ):    0.071ns
    Total Input Jitter      (TIJ):    0.000ns
    Discrete Jitter          (DJ):    0.000ns
    Phase Error              (PE):    0.000ns

    Location             Delay type                Incr(ns)  Path(ns)    Netlist Resource(s)
  -------------------------------------------------------------------    -------------------
                         (clock clk rise edge)        0.000     0.000 r  
    C11                                               0.000     0.000 r  clk (IN)
                         net (fo=0)                   0.000     0.000    clk
    C11                  IBUF (Prop_ibuf_I_O)         1.012     1.012 r  clk_IBUF_inst/O
                         net (fo=1, routed)           1.972     2.984    clk_IBUF
    BUFGCTRL_X0Y16       BUFG (Prop_bufg_I_O)         0.096     3.080 r  clk_IBUF_BUFG_inst/O
                         net (fo=571, routed)         1.631     4.711    clk_IBUF_BUFG
    SLICE_X60Y16         FDCE                                         r  datapath_weight_in_reg[5][2]/C
  -------------------------------------------------------------------    -------------------
    SLICE_X60Y16         FDCE (Prop_fdce_C_Q)         0.518     5.229 f  datapath_weight_in_reg[5][2]/Q
                         net (fo=16, routed)          1.020     6.249    datapath_inst/mac_inst/products_reg[5][15]_i_9_0[2]
    SLICE_X65Y18         LUT2 (Prop_lut2_I1_O)        0.152     6.401 r  datapath_inst/mac_inst/products[5][11]_i_49/O
                         net (fo=1, routed)           0.429     6.830    datapath_inst/mac_inst/products[5][11]_i_49_n_0
    SLICE_X64Y18         LUT6 (Prop_lut6_I3_O)        0.326     7.156 r  datapath_inst/mac_inst/products[5][11]_i_41/O
                         net (fo=1, routed)           0.000     7.156    datapath_inst/mac_inst/products[5][11]_i_41_n_0
    SLICE_X64Y18         CARRY4 (Prop_carry4_S[0]_CO[3])
                                                      0.513     7.669 r  datapath_inst/mac_inst/products_reg[5][11]_i_14/CO[3]
                         net (fo=1, routed)           0.000     7.669    datapath_inst/mac_inst/products_reg[5][11]_i_14_n_0
    SLICE_X64Y19         CARRY4 (Prop_carry4_CI_O[1])
                                                      0.323     7.992 r  datapath_inst/mac_inst/products_reg[5][11]_i_12/O[1]
                         net (fo=2, routed)           0.760     8.752    datapath_inst/mac_inst/products_reg[5][11]_i_12_n_6
    SLICE_X62Y19         LUT3 (Prop_lut3_I2_O)        0.332     9.084 r  datapath_inst/mac_inst/products[5][11]_i_4/O
                         net (fo=2, routed)           0.872     9.956    datapath_inst/mac_inst/products[5][11]_i_4_n_0
    SLICE_X62Y19         LUT4 (Prop_lut4_I0_O)        0.332    10.288 r  datapath_inst/mac_inst/products[5][11]_i_8/O
                         net (fo=1, routed)           0.000    10.288    datapath_inst/mac_inst/products[5][11]_i_8_n_0
    SLICE_X62Y19         CARRY4 (Prop_carry4_S[2]_CO[3])
                                                      0.398    10.686 r  datapath_inst/mac_inst/products_reg[5][11]_i_2/CO[3]
                         net (fo=1, routed)           0.000    10.686    datapath_inst/mac_inst/products_reg[5][11]_i_2_n_0
    SLICE_X62Y20         CARRY4 (Prop_carry4_CI_O[2])
                                                      0.239    10.925 r  datapath_inst/mac_inst/products_reg[5][15]_i_2/O[2]
                         net (fo=1, routed)           1.003    11.928    controller_inst/products_reg[5][15][2]
    SLICE_X59Y23         LUT2 (Prop_lut2_I0_O)        0.332    12.260 r  controller_inst/products[5][14]_i_1/O
                         net (fo=1, routed)           0.000    12.260    datapath_inst/mac_inst/products_reg[5][15]_0[14]
    SLICE_X59Y23         FDCE                                         r  datapath_inst/mac_inst/products_reg[5][14]/D
  -------------------------------------------------------------------    -------------------

                         (clock clk rise edge)       10.000    10.000 r  
    C11                                               0.000    10.000 r  clk (IN)
                         net (fo=0)                   0.000    10.000    clk
    C11                  IBUF (Prop_ibuf_I_O)         0.878    10.878 r  clk_IBUF_inst/O
                         net (fo=1, routed)           1.868    12.746    clk_IBUF
    BUFGCTRL_X0Y16       BUFG (Prop_bufg_I_O)         0.091    12.837 r  clk_IBUF_BUFG_inst/O
                         net (fo=571, routed)         1.506    14.344    datapath_inst/mac_inst/clk_IBUF_BUFG
    SLICE_X59Y23         FDCE                                         r  datapath_inst/mac_inst/products_reg[5][14]/C
                         clock pessimism              0.336    14.679    
                         clock uncertainty           -0.035    14.644    
    SLICE_X59Y23         FDCE (Setup_fdce_C_D)        0.075    14.719    datapath_inst/mac_inst/products_reg[5][14]
  -------------------------------------------------------------------
                         required time                         14.719    
                         arrival time                         -12.260    
  -------------------------------------------------------------------
                         slack                                  2.459    

Slack (MET) :             2.484ns  (required time - arrival time)
  Source:                 datapath_data_in_reg[4][3]/C
                            (rising edge-triggered cell FDCE clocked by clk  {rise@0.000ns fall@5.000ns period=10.000ns})
  Destination:            datapath_inst/mac_inst/products_reg[4][13]/D
                            (rising edge-triggered cell FDCE clocked by clk  {rise@0.000ns fall@5.000ns period=10.000ns})
  Path Group:             clk
  Path Type:              Setup (Max at Slow Process Corner)
  Requirement:            10.000ns  (clk rise@10.000ns - clk rise@0.000ns)
  Data Path Delay:        7.534ns  (logic 3.515ns (46.657%)  route 4.019ns (53.343%))
  Logic Levels:           9  (CARRY4=4 LUT2=2 LUT3=1 LUT4=1 LUT6=1)
  Clock Path Skew:        0.024ns (DCD - SCD + CPR)
    Destination Clock Delay (DCD):    4.345ns = ( 14.345 - 10.000 ) 
    Source Clock Delay      (SCD):    4.642ns
    Clock Pessimism Removal (CPR):    0.322ns
  Clock Uncertainty:      0.035ns  ((TSJ^2 + TIJ^2)^1/2 + DJ) / 2 + PE
    Total System Jitter     (TSJ):    0.071ns
    Total Input Jitter      (TIJ):    0.000ns
    Discrete Jitter          (DJ):    0.000ns
    Phase Error              (PE):    0.000ns

    Location             Delay type                Incr(ns)  Path(ns)    Netlist Resource(s)
  -------------------------------------------------------------------    -------------------
                         (clock clk rise edge)        0.000     0.000 r  
    C11                                               0.000     0.000 r  clk (IN)
                         net (fo=0)                   0.000     0.000    clk
    C11                  IBUF (Prop_ibuf_I_O)         1.012     1.012 r  clk_IBUF_inst/O
                         net (fo=1, routed)           1.972     2.984    clk_IBUF
    BUFGCTRL_X0Y16       BUFG (Prop_bufg_I_O)         0.096     3.080 r  clk_IBUF_BUFG_inst/O
                         net (fo=571, routed)         1.562     4.642    clk_IBUF_BUFG
    SLICE_X56Y18         FDCE                                         r  datapath_data_in_reg[4][3]/C
  -------------------------------------------------------------------    -------------------
    SLICE_X56Y18         FDCE (Prop_fdce_C_Q)         0.518     5.160 f  datapath_data_in_reg[4][3]/Q
                         net (fo=19, routed)          1.150     6.310    datapath_inst/mac_inst/products_reg[4][11]_i_14_0[3]
    SLICE_X57Y25         LUT2 (Prop_lut2_I0_O)        0.150     6.460 r  datapath_inst/mac_inst/products[4][3]_i_18/O
                         net (fo=1, routed)           0.641     7.101    datapath_inst/mac_inst/products[4][3]_i_18_n_0
    SLICE_X56Y23         LUT6 (Prop_lut6_I1_O)        0.326     7.427 r  datapath_inst/mac_inst/products[4][3]_i_7/O
                         net (fo=1, routed)           0.000     7.427    datapath_inst/mac_inst/products[4][3]_i_7_n_0
    SLICE_X56Y23         CARRY4 (Prop_carry4_S[3]_CO[3])
                                                      0.376     7.803 r  datapath_inst/mac_inst/products_reg[4][3]_i_2/CO[3]
                         net (fo=1, routed)           0.000     7.803    datapath_inst/mac_inst/products_reg[4][3]_i_2_n_0
    SLICE_X56Y24         CARRY4 (Prop_carry4_CI_O[1])
                                                      0.323     8.126 r  datapath_inst/mac_inst/products_reg[4][11]_i_11/O[1]
                         net (fo=2, routed)           0.966     9.092    datapath_inst/mac_inst/products_reg[4][11]_i_11_n_6
    SLICE_X56Y21         LUT3 (Prop_lut3_I1_O)        0.332     9.424 r  datapath_inst/mac_inst/products[4][11]_i_5/O
                         net (fo=2, routed)           0.490     9.914    datapath_inst/mac_inst/products[4][11]_i_5_n_0
    SLICE_X56Y21         LUT4 (Prop_lut4_I3_O)        0.328    10.242 r  datapath_inst/mac_inst/products[4][11]_i_9/O
                         net (fo=1, routed)           0.000    10.242    datapath_inst/mac_inst/products[4][11]_i_9_n_0
    SLICE_X56Y21         CARRY4 (Prop_carry4_S[1]_CO[3])
                                                      0.533    10.775 r  datapath_inst/mac_inst/products_reg[4][11]_i_2/CO[3]
                         net (fo=1, routed)           0.000    10.775    datapath_inst/mac_inst/products_reg[4][11]_i_2_n_0
    SLICE_X56Y22         CARRY4 (Prop_carry4_CI_O[1])
                                                      0.323    11.098 r  datapath_inst/mac_inst/products_reg[4][15]_i_2/O[1]
                         net (fo=1, routed)           0.772    11.870    controller_inst/products_reg[4][15][1]
    SLICE_X61Y22         LUT2 (Prop_lut2_I0_O)        0.306    12.176 r  controller_inst/products[4][13]_i_1/O
                         net (fo=1, routed)           0.000    12.176    datapath_inst/mac_inst/products_reg[4][15]_0[13]
    SLICE_X61Y22         FDCE                                         r  datapath_inst/mac_inst/products_reg[4][13]/D
  -------------------------------------------------------------------    -------------------

                         (clock clk rise edge)       10.000    10.000 r  
    C11                                               0.000    10.000 r  clk (IN)
                         net (fo=0)                   0.000    10.000    clk
    C11                  IBUF (Prop_ibuf_I_O)         0.878    10.878 r  clk_IBUF_inst/O
                         net (fo=1, routed)           1.868    12.746    clk_IBUF
    BUFGCTRL_X0Y16       BUFG (Prop_bufg_I_O)         0.091    12.837 r  clk_IBUF_BUFG_inst/O
                         net (fo=571, routed)         1.507    14.345    datapath_inst/mac_inst/clk_IBUF_BUFG
    SLICE_X61Y22         FDCE                                         r  datapath_inst/mac_inst/products_reg[4][13]/C
                         clock pessimism              0.322    14.666    
                         clock uncertainty           -0.035    14.631    
    SLICE_X61Y22         FDCE (Setup_fdce_C_D)        0.029    14.660    datapath_inst/mac_inst/products_reg[4][13]
  -------------------------------------------------------------------
                         required time                         14.660    
                         arrival time                         -12.176    
  -------------------------------------------------------------------
                         slack                                  2.484    

Slack (MET) :             2.499ns  (required time - arrival time)
  Source:                 datapath_data_in_reg[4][3]/C
                            (rising edge-triggered cell FDCE clocked by clk  {rise@0.000ns fall@5.000ns period=10.000ns})
  Destination:            datapath_inst/mac_inst/products_reg[4][15]/D
                            (rising edge-triggered cell FDCE clocked by clk  {rise@0.000ns fall@5.000ns period=10.000ns})
  Path Group:             clk
  Path Type:              Setup (Max at Slow Process Corner)
  Requirement:            10.000ns  (clk rise@10.000ns - clk rise@0.000ns)
  Data Path Delay:        7.521ns  (logic 3.508ns (46.645%)  route 4.013ns (53.355%))
  Logic Levels:           9  (CARRY4=4 LUT2=2 LUT3=1 LUT4=1 LUT6=1)
  Clock Path Skew:        0.023ns (DCD - SCD + CPR)
    Destination Clock Delay (DCD):    4.344ns = ( 14.344 - 10.000 ) 
    Source Clock Delay      (SCD):    4.642ns
    Clock Pessimism Removal (CPR):    0.322ns
  Clock Uncertainty:      0.035ns  ((TSJ^2 + TIJ^2)^1/2 + DJ) / 2 + PE
    Total System Jitter     (TSJ):    0.071ns
    Total Input Jitter      (TIJ):    0.000ns
    Discrete Jitter          (DJ):    0.000ns
    Phase Error              (PE):    0.000ns

    Location             Delay type                Incr(ns)  Path(ns)    Netlist Resource(s)
  -------------------------------------------------------------------    -------------------
                         (clock clk rise edge)        0.000     0.000 r  
    C11                                               0.000     0.000 r  clk (IN)
                         net (fo=0)                   0.000     0.000    clk
    C11                  IBUF (Prop_ibuf_I_O)         1.012     1.012 r  clk_IBUF_inst/O
                         net (fo=1, routed)           1.972     2.984    clk_IBUF
    BUFGCTRL_X0Y16       BUFG (Prop_bufg_I_O)         0.096     3.080 r  clk_IBUF_BUFG_inst/O
                         net (fo=571, routed)         1.562     4.642    clk_IBUF_BUFG
    SLICE_X56Y18         FDCE                                         r  datapath_data_in_reg[4][3]/C
  -------------------------------------------------------------------    -------------------
    SLICE_X56Y18         FDCE (Prop_fdce_C_Q)         0.518     5.160 f  datapath_data_in_reg[4][3]/Q
                         net (fo=19, routed)          1.150     6.310    datapath_inst/mac_inst/products_reg[4][11]_i_14_0[3]
    SLICE_X57Y25         LUT2 (Prop_lut2_I0_O)        0.150     6.460 r  datapath_inst/mac_inst/products[4][3]_i_18/O
                         net (fo=1, routed)           0.641     7.101    datapath_inst/mac_inst/products[4][3]_i_18_n_0
    SLICE_X56Y23         LUT6 (Prop_lut6_I1_O)        0.326     7.427 r  datapath_inst/mac_inst/products[4][3]_i_7/O
                         net (fo=1, routed)           0.000     7.427    datapath_inst/mac_inst/products[4][3]_i_7_n_0
    SLICE_X56Y23         CARRY4 (Prop_carry4_S[3]_CO[3])
                                                      0.376     7.803 r  datapath_inst/mac_inst/products_reg[4][3]_i_2/CO[3]
                         net (fo=1, routed)           0.000     7.803    datapath_inst/mac_inst/products_reg[4][3]_i_2_n_0
    SLICE_X56Y24         CARRY4 (Prop_carry4_CI_O[1])
                                                      0.323     8.126 r  datapath_inst/mac_inst/products_reg[4][11]_i_11/O[1]
                         net (fo=2, routed)           0.966     9.092    datapath_inst/mac_inst/products_reg[4][11]_i_11_n_6
    SLICE_X56Y21         LUT3 (Prop_lut3_I1_O)        0.332     9.424 r  datapath_inst/mac_inst/products[4][11]_i_5/O
                         net (fo=2, routed)           0.490     9.914    datapath_inst/mac_inst/products[4][11]_i_5_n_0
    SLICE_X56Y21         LUT4 (Prop_lut4_I3_O)        0.328    10.242 r  datapath_inst/mac_inst/products[4][11]_i_9/O
                         net (fo=1, routed)           0.000    10.242    datapath_inst/mac_inst/products[4][11]_i_9_n_0
    SLICE_X56Y21         CARRY4 (Prop_carry4_S[1]_CO[3])
                                                      0.533    10.775 r  datapath_inst/mac_inst/products_reg[4][11]_i_2/CO[3]
                         net (fo=1, routed)           0.000    10.775    datapath_inst/mac_inst/products_reg[4][11]_i_2_n_0
    SLICE_X56Y22         CARRY4 (Prop_carry4_CI_O[3])
                                                      0.315    11.090 r  datapath_inst/mac_inst/products_reg[4][15]_i_2/O[3]
                         net (fo=1, routed)           0.766    11.856    controller_inst/products_reg[4][15][3]
    SLICE_X59Y23         LUT2 (Prop_lut2_I0_O)        0.307    12.163 r  controller_inst/products[4][15]_i_1/O
                         net (fo=1, routed)           0.000    12.163    datapath_inst/mac_inst/products_reg[4][15]_0[15]
    SLICE_X59Y23         FDCE                                         r  datapath_inst/mac_inst/products_reg[4][15]/D
  -------------------------------------------------------------------    -------------------

                         (clock clk rise edge)       10.000    10.000 r  
    C11                                               0.000    10.000 r  clk (IN)
                         net (fo=0)                   0.000    10.000    clk
    C11                  IBUF (Prop_ibuf_I_O)         0.878    10.878 r  clk_IBUF_inst/O
                         net (fo=1, routed)           1.868    12.746    clk_IBUF
    BUFGCTRL_X0Y16       BUFG (Prop_bufg_I_O)         0.091    12.837 r  clk_IBUF_BUFG_inst/O
                         net (fo=571, routed)         1.506    14.344    datapath_inst/mac_inst/clk_IBUF_BUFG
    SLICE_X59Y23         FDCE                                         r  datapath_inst/mac_inst/products_reg[4][15]/C
                         clock pessimism              0.322    14.665    
                         clock uncertainty           -0.035    14.630    
    SLICE_X59Y23         FDCE (Setup_fdce_C_D)        0.032    14.662    datapath_inst/mac_inst/products_reg[4][15]
  -------------------------------------------------------------------
                         required time                         14.662    
                         arrival time                         -12.163    
  -------------------------------------------------------------------
                         slack                                  2.499    

Slack (MET) :             2.512ns  (required time - arrival time)
  Source:                 datapath_data_in_reg[3][2]/C
                            (rising edge-triggered cell FDCE clocked by clk  {rise@0.000ns fall@5.000ns period=10.000ns})
  Destination:            datapath_inst/mac_inst/products_reg[3][13]/D
                            (rising edge-triggered cell FDCE clocked by clk  {rise@0.000ns fall@5.000ns period=10.000ns})
  Path Group:             clk
  Path Type:              Setup (Max at Slow Process Corner)
  Requirement:            10.000ns  (clk rise@10.000ns - clk rise@0.000ns)
  Data Path Delay:        7.509ns  (logic 3.172ns (42.245%)  route 4.337ns (57.755%))
  Logic Levels:           8  (CARRY4=4 LUT2=1 LUT3=1 LUT4=1 LUT6=1)
  Clock Path Skew:        0.024ns (DCD - SCD + CPR)
    Destination Clock Delay (DCD):    4.351ns = ( 14.351 - 10.000 ) 
    Source Clock Delay      (SCD):    4.648ns
    Clock Pessimism Removal (CPR):    0.322ns
  Clock Uncertainty:      0.035ns  ((TSJ^2 + TIJ^2)^1/2 + DJ) / 2 + PE
    Total System Jitter     (TSJ):    0.071ns
    Total Input Jitter      (TIJ):    0.000ns
    Discrete Jitter          (DJ):    0.000ns
    Phase Error              (PE):    0.000ns

    Location             Delay type                Incr(ns)  Path(ns)    Netlist Resource(s)
  -------------------------------------------------------------------    -------------------
                         (clock clk rise edge)        0.000     0.000 r  
    C11                                               0.000     0.000 r  clk (IN)
                         net (fo=0)                   0.000     0.000    clk
    C11                  IBUF (Prop_ibuf_I_O)         1.012     1.012 r  clk_IBUF_inst/O
                         net (fo=1, routed)           1.972     2.984    clk_IBUF
    BUFGCTRL_X0Y16       BUFG (Prop_bufg_I_O)         0.096     3.080 r  clk_IBUF_BUFG_inst/O
                         net (fo=571, routed)         1.568     4.648    clk_IBUF_BUFG
    SLICE_X56Y14         FDCE                                         r  datapath_data_in_reg[3][2]/C
  -------------------------------------------------------------------    -------------------
    SLICE_X56Y14         FDCE (Prop_fdce_C_Q)         0.518     5.166 r  datapath_data_in_reg[3][2]/Q
                         net (fo=16, routed)          1.444     6.610    datapath_inst/mac_inst/products_reg[3][11]_i_14_0[2]
    SLICE_X59Y10         LUT6 (Prop_lut6_I1_O)        0.124     6.734 r  datapath_inst/mac_inst/products[3][3]_i_11/O
                         net (fo=1, routed)           0.474     7.208    datapath_inst/mac_inst/products[3][3]_i_11_n_0
    SLICE_X58Y11         CARRY4 (Prop_carry4_DI[3]_CO[3])
                                                      0.385     7.593 r  datapath_inst/mac_inst/products_reg[3][3]_i_3/CO[3]
                         net (fo=1, routed)           0.000     7.593    datapath_inst/mac_inst/products_reg[3][3]_i_3_n_0
    SLICE_X58Y12         CARRY4 (Prop_carry4_CI_O[3])
                                                      0.313     7.906 r  datapath_inst/mac_inst/products_reg[3][11]_i_14/O[3]
                         net (fo=2, routed)           0.906     8.811    datapath_inst/mac_inst/products_reg[3][11]_i_14_n_4
    SLICE_X59Y15         LUT3 (Prop_lut3_I2_O)        0.331     9.142 r  datapath_inst/mac_inst/products[3][11]_i_6/O
                         net (fo=2, routed)           0.958    10.101    datapath_inst/mac_inst/products[3][11]_i_6_n_0
    SLICE_X59Y16         LUT4 (Prop_lut4_I3_O)        0.332    10.433 r  datapath_inst/mac_inst/products[3][11]_i_10/O
                         net (fo=1, routed)           0.000    10.433    datapath_inst/mac_inst/products[3][11]_i_10_n_0
    SLICE_X59Y16         CARRY4 (Prop_carry4_S[0]_CO[3])
                                                      0.532    10.965 r  datapath_inst/mac_inst/products_reg[3][11]_i_2/CO[3]
                         net (fo=1, routed)           0.000    10.965    datapath_inst/mac_inst/products_reg[3][11]_i_2_n_0
    SLICE_X59Y17         CARRY4 (Prop_carry4_CI_O[1])
                                                      0.334    11.299 r  datapath_inst/mac_inst/products_reg[3][15]_i_2/O[1]
                         net (fo=1, routed)           0.555    11.854    controller_inst/products_reg[3][15][1]
    SLICE_X61Y17         LUT2 (Prop_lut2_I0_O)        0.303    12.157 r  controller_inst/products[3][13]_i_1/O
                         net (fo=1, routed)           0.000    12.157    datapath_inst/mac_inst/products_reg[3][15]_0[13]
    SLICE_X61Y17         FDCE                                         r  datapath_inst/mac_inst/products_reg[3][13]/D
  -------------------------------------------------------------------    -------------------

                         (clock clk rise edge)       10.000    10.000 r  
    C11                                               0.000    10.000 r  clk (IN)
                         net (fo=0)                   0.000    10.000    clk
    C11                  IBUF (Prop_ibuf_I_O)         0.878    10.878 r  clk_IBUF_inst/O
                         net (fo=1, routed)           1.868    12.746    clk_IBUF
    BUFGCTRL_X0Y16       BUFG (Prop_bufg_I_O)         0.091    12.837 r  clk_IBUF_BUFG_inst/O
                         net (fo=571, routed)         1.513    14.351    datapath_inst/mac_inst/clk_IBUF_BUFG
    SLICE_X61Y17         FDCE                                         r  datapath_inst/mac_inst/products_reg[3][13]/C
                         clock pessimism              0.322    14.672    
                         clock uncertainty           -0.035    14.637    
    SLICE_X61Y17         FDCE (Setup_fdce_C_D)        0.032    14.669    datapath_inst/mac_inst/products_reg[3][13]
  -------------------------------------------------------------------
                         required time                         14.669    
                         arrival time                         -12.157    
  -------------------------------------------------------------------
                         slack                                  2.512    

Slack (MET) :             2.534ns  (required time - arrival time)
  Source:                 datapath_data_in_reg[3][2]/C
                            (rising edge-triggered cell FDCE clocked by clk  {rise@0.000ns fall@5.000ns period=10.000ns})
  Destination:            datapath_inst/mac_inst/products_reg[3][15]/D
                            (rising edge-triggered cell FDCE clocked by clk  {rise@0.000ns fall@5.000ns period=10.000ns})
  Path Group:             clk
  Path Type:              Setup (Max at Slow Process Corner)
  Requirement:            10.000ns  (clk rise@10.000ns - clk rise@0.000ns)
  Data Path Delay:        7.530ns  (logic 3.183ns (42.271%)  route 4.347ns (57.729%))
  Logic Levels:           8  (CARRY4=4 LUT2=1 LUT3=1 LUT4=1 LUT6=1)
  Clock Path Skew:        0.024ns (DCD - SCD + CPR)
    Destination Clock Delay (DCD):    4.351ns = ( 14.351 - 10.000 ) 
    Source Clock Delay      (SCD):    4.648ns
    Clock Pessimism Removal (CPR):    0.322ns
  Clock Uncertainty:      0.035ns  ((TSJ^2 + TIJ^2)^1/2 + DJ) / 2 + PE
    Total System Jitter     (TSJ):    0.071ns
    Total Input Jitter      (TIJ):    0.000ns
    Discrete Jitter          (DJ):    0.000ns
    Phase Error              (PE):    0.000ns

    Location             Delay type                Incr(ns)  Path(ns)    Netlist Resource(s)
  -------------------------------------------------------------------    -------------------
                         (clock clk rise edge)        0.000     0.000 r  
    C11                                               0.000     0.000 r  clk (IN)
                         net (fo=0)                   0.000     0.000    clk
    C11                  IBUF (Prop_ibuf_I_O)         1.012     1.012 r  clk_IBUF_inst/O
                         net (fo=1, routed)           1.972     2.984    clk_IBUF
    BUFGCTRL_X0Y16       BUFG (Prop_bufg_I_O)         0.096     3.080 r  clk_IBUF_BUFG_inst/O
                         net (fo=571, routed)         1.568     4.648    clk_IBUF_BUFG
    SLICE_X56Y14         FDCE                                         r  datapath_data_in_reg[3][2]/C
  -------------------------------------------------------------------    -------------------
    SLICE_X56Y14         FDCE (Prop_fdce_C_Q)         0.518     5.166 r  datapath_data_in_reg[3][2]/Q
                         net (fo=16, routed)          1.444     6.610    datapath_inst/mac_inst/products_reg[3][11]_i_14_0[2]
    SLICE_X59Y10         LUT6 (Prop_lut6_I1_O)        0.124     6.734 r  datapath_inst/mac_inst/products[3][3]_i_11/O
                         net (fo=1, routed)           0.474     7.208    datapath_inst/mac_inst/products[3][3]_i_11_n_0
    SLICE_X58Y11         CARRY4 (Prop_carry4_DI[3]_CO[3])
                                                      0.385     7.593 r  datapath_inst/mac_inst/products_reg[3][3]_i_3/CO[3]
                         net (fo=1, routed)           0.000     7.593    datapath_inst/mac_inst/products_reg[3][3]_i_3_n_0
    SLICE_X58Y12         CARRY4 (Prop_carry4_CI_O[3])
                                                      0.313     7.906 r  datapath_inst/mac_inst/products_reg[3][11]_i_14/O[3]
                         net (fo=2, routed)           0.906     8.811    datapath_inst/mac_inst/products_reg[3][11]_i_14_n_4
    SLICE_X59Y15         LUT3 (Prop_lut3_I2_O)        0.331     9.142 r  datapath_inst/mac_inst/products[3][11]_i_6/O
                         net (fo=2, routed)           0.958    10.101    datapath_inst/mac_inst/products[3][11]_i_6_n_0
    SLICE_X59Y16         LUT4 (Prop_lut4_I3_O)        0.332    10.433 r  datapath_inst/mac_inst/products[3][11]_i_10/O
                         net (fo=1, routed)           0.000    10.433    datapath_inst/mac_inst/products[3][11]_i_10_n_0
    SLICE_X59Y16         CARRY4 (Prop_carry4_S[0]_CO[3])
                                                      0.532    10.965 r  datapath_inst/mac_inst/products_reg[3][11]_i_2/CO[3]
                         net (fo=1, routed)           0.000    10.965    datapath_inst/mac_inst/products_reg[3][11]_i_2_n_0
    SLICE_X59Y17         CARRY4 (Prop_carry4_CI_O[3])
                                                      0.313    11.278 r  datapath_inst/mac_inst/products_reg[3][15]_i_2/O[3]
                         net (fo=1, routed)           0.566    11.843    controller_inst/products_reg[3][15][3]
    SLICE_X61Y17         LUT2 (Prop_lut2_I0_O)        0.335    12.178 r  controller_inst/products[3][15]_i_1/O
                         net (fo=1, routed)           0.000    12.178    datapath_inst/mac_inst/products_reg[3][15]_0[15]
    SLICE_X61Y17         FDCE                                         r  datapath_inst/mac_inst/products_reg[3][15]/D
  -------------------------------------------------------------------    -------------------

                         (clock clk rise edge)       10.000    10.000 r  
    C11                                               0.000    10.000 r  clk (IN)
                         net (fo=0)                   0.000    10.000    clk
    C11                  IBUF (Prop_ibuf_I_O)         0.878    10.878 r  clk_IBUF_inst/O
                         net (fo=1, routed)           1.868    12.746    clk_IBUF
    BUFGCTRL_X0Y16       BUFG (Prop_bufg_I_O)         0.091    12.837 r  clk_IBUF_BUFG_inst/O
                         net (fo=571, routed)         1.513    14.351    datapath_inst/mac_inst/clk_IBUF_BUFG
    SLICE_X61Y17         FDCE                                         r  datapath_inst/mac_inst/products_reg[3][15]/C
                         clock pessimism              0.322    14.672    
                         clock uncertainty           -0.035    14.637    
    SLICE_X61Y17         FDCE (Setup_fdce_C_D)        0.075    14.712    datapath_inst/mac_inst/products_reg[3][15]
  -------------------------------------------------------------------
                         required time                         14.712    
                         arrival time                         -12.178    
  -------------------------------------------------------------------
                         slack                                  2.534    

Slack (MET) :             2.558ns  (required time - arrival time)
  Source:                 datapath_weight_in_reg[5][2]/C
                            (rising edge-triggered cell FDCE clocked by clk  {rise@0.000ns fall@5.000ns period=10.000ns})
  Destination:            datapath_inst/mac_inst/products_reg[5][12]/D
                            (rising edge-triggered cell FDCE clocked by clk  {rise@0.000ns fall@5.000ns period=10.000ns})
  Path Group:             clk
  Path Type:              Setup (Max at Slow Process Corner)
  Requirement:            10.000ns  (clk rise@10.000ns - clk rise@0.000ns)
  Data Path Delay:        7.450ns  (logic 3.443ns (46.215%)  route 4.007ns (53.785%))
  Logic Levels:           9  (CARRY4=4 LUT2=2 LUT3=1 LUT4=1 LUT6=1)
  Clock Path Skew:        -0.032ns (DCD - SCD + CPR)
    Destination Clock Delay (DCD):    4.344ns = ( 14.344 - 10.000 ) 
    Source Clock Delay      (SCD):    4.711ns
    Clock Pessimism Removal (CPR):    0.336ns
  Clock Uncertainty:      0.035ns  ((TSJ^2 + TIJ^2)^1/2 + DJ) / 2 + PE
    Total System Jitter     (TSJ):    0.071ns
    Total Input Jitter      (TIJ):    0.000ns
    Discrete Jitter          (DJ):    0.000ns
    Phase Error              (PE):    0.000ns

    Location             Delay type                Incr(ns)  Path(ns)    Netlist Resource(s)
  -------------------------------------------------------------------    -------------------
                         (clock clk rise edge)        0.000     0.000 r  
    C11                                               0.000     0.000 r  clk (IN)
                         net (fo=0)                   0.000     0.000    clk
    C11                  IBUF (Prop_ibuf_I_O)         1.012     1.012 r  clk_IBUF_inst/O
                         net (fo=1, routed)           1.972     2.984    clk_IBUF
    BUFGCTRL_X0Y16       BUFG (Prop_bufg_I_O)         0.096     3.080 r  clk_IBUF_BUFG_inst/O
                         net (fo=571, routed)         1.631     4.711    clk_IBUF_BUFG
    SLICE_X60Y16         FDCE                                         r  datapath_weight_in_reg[5][2]/C
  -------------------------------------------------------------------    -------------------
    SLICE_X60Y16         FDCE (Prop_fdce_C_Q)         0.518     5.229 f  datapath_weight_in_reg[5][2]/Q
                         net (fo=16, routed)          1.020     6.249    datapath_inst/mac_inst/products_reg[5][15]_i_9_0[2]
    SLICE_X65Y18         LUT2 (Prop_lut2_I1_O)        0.152     6.401 r  datapath_inst/mac_inst/products[5][11]_i_49/O
                         net (fo=1, routed)           0.429     6.830    datapath_inst/mac_inst/products[5][11]_i_49_n_0
    SLICE_X64Y18         LUT6 (Prop_lut6_I3_O)        0.326     7.156 r  datapath_inst/mac_inst/products[5][11]_i_41/O
                         net (fo=1, routed)           0.000     7.156    datapath_inst/mac_inst/products[5][11]_i_41_n_0
    SLICE_X64Y18         CARRY4 (Prop_carry4_S[0]_CO[3])
                                                      0.513     7.669 r  datapath_inst/mac_inst/products_reg[5][11]_i_14/CO[3]
                         net (fo=1, routed)           0.000     7.669    datapath_inst/mac_inst/products_reg[5][11]_i_14_n_0
    SLICE_X64Y19         CARRY4 (Prop_carry4_CI_O[1])
                                                      0.323     7.992 r  datapath_inst/mac_inst/products_reg[5][11]_i_12/O[1]
                         net (fo=2, routed)           0.760     8.752    datapath_inst/mac_inst/products_reg[5][11]_i_12_n_6
    SLICE_X62Y19         LUT3 (Prop_lut3_I2_O)        0.332     9.084 r  datapath_inst/mac_inst/products[5][11]_i_4/O
                         net (fo=2, routed)           0.872     9.956    datapath_inst/mac_inst/products[5][11]_i_4_n_0
    SLICE_X62Y19         LUT4 (Prop_lut4_I0_O)        0.332    10.288 r  datapath_inst/mac_inst/products[5][11]_i_8/O
                         net (fo=1, routed)           0.000    10.288    datapath_inst/mac_inst/products[5][11]_i_8_n_0
    SLICE_X62Y19         CARRY4 (Prop_carry4_S[2]_CO[3])
                                                      0.398    10.686 r  datapath_inst/mac_inst/products_reg[5][11]_i_2/CO[3]
                         net (fo=1, routed)           0.000    10.686    datapath_inst/mac_inst/products_reg[5][11]_i_2_n_0
    SLICE_X62Y20         CARRY4 (Prop_carry4_CI_O[0])
                                                      0.222    10.908 r  datapath_inst/mac_inst/products_reg[5][15]_i_2/O[0]
                         net (fo=1, routed)           0.926    11.834    controller_inst/products_reg[5][15][0]
    SLICE_X59Y23         LUT2 (Prop_lut2_I0_O)        0.327    12.161 r  controller_inst/products[5][12]_i_1/O
                         net (fo=1, routed)           0.000    12.161    datapath_inst/mac_inst/products_reg[5][15]_0[12]
    SLICE_X59Y23         FDCE                                         r  datapath_inst/mac_inst/products_reg[5][12]/D
  -------------------------------------------------------------------    -------------------

                         (clock clk rise edge)       10.000    10.000 r  
    C11                                               0.000    10.000 r  clk (IN)
                         net (fo=0)                   0.000    10.000    clk
    C11                  IBUF (Prop_ibuf_I_O)         0.878    10.878 r  clk_IBUF_inst/O
                         net (fo=1, routed)           1.868    12.746    clk_IBUF
    BUFGCTRL_X0Y16       BUFG (Prop_bufg_I_O)         0.091    12.837 r  clk_IBUF_BUFG_inst/O
                         net (fo=571, routed)         1.506    14.344    datapath_inst/mac_inst/clk_IBUF_BUFG
    SLICE_X59Y23         FDCE                                         r  datapath_inst/mac_inst/products_reg[5][12]/C
                         clock pessimism              0.336    14.679    
                         clock uncertainty           -0.035    14.644    
    SLICE_X59Y23         FDCE (Setup_fdce_C_D)        0.075    14.719    datapath_inst/mac_inst/products_reg[5][12]
  -------------------------------------------------------------------
                         required time                         14.719    
                         arrival time                         -12.161    
  -------------------------------------------------------------------
                         slack                                  2.558    

Slack (MET) :             2.567ns  (required time - arrival time)
  Source:                 datapath_data_in_reg[4][3]/C
                            (rising edge-triggered cell FDCE clocked by clk  {rise@0.000ns fall@5.000ns period=10.000ns})
  Destination:            datapath_inst/mac_inst/products_reg[4][14]/D
                            (rising edge-triggered cell FDCE clocked by clk  {rise@0.000ns fall@5.000ns period=10.000ns})
  Path Group:             clk
  Path Type:              Setup (Max at Slow Process Corner)
  Requirement:            10.000ns  (clk rise@10.000ns - clk rise@0.000ns)
  Data Path Delay:        7.452ns  (logic 3.426ns (45.976%)  route 4.026ns (54.024%))
  Logic Levels:           9  (CARRY4=4 LUT2=2 LUT3=1 LUT4=1 LUT6=1)
  Clock Path Skew:        0.023ns (DCD - SCD + CPR)
    Destination Clock Delay (DCD):    4.344ns = ( 14.344 - 10.000 ) 
    Source Clock Delay      (SCD):    4.642ns
    Clock Pessimism Removal (CPR):    0.322ns
  Clock Uncertainty:      0.035ns  ((TSJ^2 + TIJ^2)^1/2 + DJ) / 2 + PE
    Total System Jitter     (TSJ):    0.071ns
    Total Input Jitter      (TIJ):    0.000ns
    Discrete Jitter          (DJ):    0.000ns
    Phase Error              (PE):    0.000ns

    Location             Delay type                Incr(ns)  Path(ns)    Netlist Resource(s)
  -------------------------------------------------------------------    -------------------
                         (clock clk rise edge)        0.000     0.000 r  
    C11                                               0.000     0.000 r  clk (IN)
                         net (fo=0)                   0.000     0.000    clk
    C11                  IBUF (Prop_ibuf_I_O)         1.012     1.012 r  clk_IBUF_inst/O
                         net (fo=1, routed)           1.972     2.984    clk_IBUF
    BUFGCTRL_X0Y16       BUFG (Prop_bufg_I_O)         0.096     3.080 r  clk_IBUF_BUFG_inst/O
                         net (fo=571, routed)         1.562     4.642    clk_IBUF_BUFG
    SLICE_X56Y18         FDCE                                         r  datapath_data_in_reg[4][3]/C
  -------------------------------------------------------------------    -------------------
    SLICE_X56Y18         FDCE (Prop_fdce_C_Q)         0.518     5.160 f  datapath_data_in_reg[4][3]/Q
                         net (fo=19, routed)          1.150     6.310    datapath_inst/mac_inst/products_reg[4][11]_i_14_0[3]
    SLICE_X57Y25         LUT2 (Prop_lut2_I0_O)        0.150     6.460 r  datapath_inst/mac_inst/products[4][3]_i_18/O
                         net (fo=1, routed)           0.641     7.101    datapath_inst/mac_inst/products[4][3]_i_18_n_0
    SLICE_X56Y23         LUT6 (Prop_lut6_I1_O)        0.326     7.427 r  datapath_inst/mac_inst/products[4][3]_i_7/O
                         net (fo=1, routed)           0.000     7.427    datapath_inst/mac_inst/products[4][3]_i_7_n_0
    SLICE_X56Y23         CARRY4 (Prop_carry4_S[3]_CO[3])
                                                      0.376     7.803 r  datapath_inst/mac_inst/products_reg[4][3]_i_2/CO[3]
                         net (fo=1, routed)           0.000     7.803    datapath_inst/mac_inst/products_reg[4][3]_i_2_n_0
    SLICE_X56Y24         CARRY4 (Prop_carry4_CI_O[1])
                                                      0.323     8.126 r  datapath_inst/mac_inst/products_reg[4][11]_i_11/O[1]
                         net (fo=2, routed)           0.966     9.092    datapath_inst/mac_inst/products_reg[4][11]_i_11_n_6
    SLICE_X56Y21         LUT3 (Prop_lut3_I1_O)        0.332     9.424 r  datapath_inst/mac_inst/products[4][11]_i_5/O
                         net (fo=2, routed)           0.490     9.914    datapath_inst/mac_inst/products[4][11]_i_5_n_0
    SLICE_X56Y21         LUT4 (Prop_lut4_I3_O)        0.328    10.242 r  datapath_inst/mac_inst/products[4][11]_i_9/O
                         net (fo=1, routed)           0.000    10.242    datapath_inst/mac_inst/products[4][11]_i_9_n_0
    SLICE_X56Y21         CARRY4 (Prop_carry4_S[1]_CO[3])
                                                      0.533    10.775 r  datapath_inst/mac_inst/products_reg[4][11]_i_2/CO[3]
                         net (fo=1, routed)           0.000    10.775    datapath_inst/mac_inst/products_reg[4][11]_i_2_n_0
    SLICE_X56Y22         CARRY4 (Prop_carry4_CI_O[2])
                                                      0.239    11.014 r  datapath_inst/mac_inst/products_reg[4][15]_i_2/O[2]
                         net (fo=1, routed)           0.779    11.793    controller_inst/products_reg[4][15][2]
    SLICE_X59Y23         LUT2 (Prop_lut2_I0_O)        0.301    12.094 r  controller_inst/products[4][14]_i_1/O
                         net (fo=1, routed)           0.000    12.094    datapath_inst/mac_inst/products_reg[4][15]_0[14]
    SLICE_X59Y23         FDCE                                         r  datapath_inst/mac_inst/products_reg[4][14]/D
  -------------------------------------------------------------------    -------------------

                         (clock clk rise edge)       10.000    10.000 r  
    C11                                               0.000    10.000 r  clk (IN)
                         net (fo=0)                   0.000    10.000    clk
    C11                  IBUF (Prop_ibuf_I_O)         0.878    10.878 r  clk_IBUF_inst/O
                         net (fo=1, routed)           1.868    12.746    clk_IBUF
    BUFGCTRL_X0Y16       BUFG (Prop_bufg_I_O)         0.091    12.837 r  clk_IBUF_BUFG_inst/O
                         net (fo=571, routed)         1.506    14.344    datapath_inst/mac_inst/clk_IBUF_BUFG
    SLICE_X59Y23         FDCE                                         r  datapath_inst/mac_inst/products_reg[4][14]/C
                         clock pessimism              0.322    14.665    
                         clock uncertainty           -0.035    14.630    
    SLICE_X59Y23         FDCE (Setup_fdce_C_D)        0.031    14.661    datapath_inst/mac_inst/products_reg[4][14]
  -------------------------------------------------------------------
                         required time                         14.661    
                         arrival time                         -12.094    
  -------------------------------------------------------------------
                         slack                                  2.567    

Slack (MET) :             2.601ns  (required time - arrival time)
  Source:                 datapath_weight_in_reg[2][2]/C
                            (rising edge-triggered cell FDCE clocked by clk  {rise@0.000ns fall@5.000ns period=10.000ns})
  Destination:            datapath_inst/mac_inst/products_reg[2][13]/D
                            (rising edge-triggered cell FDCE clocked by clk  {rise@0.000ns fall@5.000ns period=10.000ns})
  Path Group:             clk
  Path Type:              Setup (Max at Slow Process Corner)
  Requirement:            10.000ns  (clk rise@10.000ns - clk rise@0.000ns)
  Data Path Delay:        7.419ns  (logic 3.195ns (43.063%)  route 4.224ns (56.937%))
  Logic Levels:           9  (CARRY4=4 LUT2=1 LUT3=1 LUT4=1 LUT6=2)
  Clock Path Skew:        -0.025ns (DCD - SCD + CPR)
    Destination Clock Delay (DCD):    4.354ns = ( 14.354 - 10.000 ) 
    Source Clock Delay      (SCD):    4.714ns
    Clock Pessimism Removal (CPR):    0.336ns
  Clock Uncertainty:      0.035ns  ((TSJ^2 + TIJ^2)^1/2 + DJ) / 2 + PE
    Total System Jitter     (TSJ):    0.071ns
    Total Input Jitter      (TIJ):    0.000ns
    Discrete Jitter          (DJ):    0.000ns
    Phase Error              (PE):    0.000ns

    Location             Delay type                Incr(ns)  Path(ns)    Netlist Resource(s)
  -------------------------------------------------------------------    -------------------
                         (clock clk rise edge)        0.000     0.000 r  
    C11                                               0.000     0.000 r  clk (IN)
                         net (fo=0)                   0.000     0.000    clk
    C11                  IBUF (Prop_ibuf_I_O)         1.012     1.012 r  clk_IBUF_inst/O
                         net (fo=1, routed)           1.972     2.984    clk_IBUF
    BUFGCTRL_X0Y16       BUFG (Prop_bufg_I_O)         0.096     3.080 r  clk_IBUF_BUFG_inst/O
                         net (fo=571, routed)         1.634     4.714    clk_IBUF_BUFG
    SLICE_X60Y13         FDCE                                         r  datapath_weight_in_reg[2][2]/C
  -------------------------------------------------------------------    -------------------
    SLICE_X60Y13         FDCE (Prop_fdce_C_Q)         0.518     5.232 r  datapath_weight_in_reg[2][2]/Q
                         net (fo=16, routed)          1.363     6.595    datapath_inst/mac_inst/products_reg[2][15]_i_9_0[2]
    SLICE_X62Y10         LUT6 (Prop_lut6_I0_O)        0.124     6.719 r  datapath_inst/mac_inst/products[2][11]_i_34/O
                         net (fo=2, routed)           0.785     7.504    datapath_inst/mac_inst/products[2][11]_i_34_n_0
    SLICE_X60Y12         LUT6 (Prop_lut6_I0_O)        0.124     7.628 r  datapath_inst/mac_inst/products[2][11]_i_38/O
                         net (fo=1, routed)           0.000     7.628    datapath_inst/mac_inst/products[2][11]_i_38_n_0
    SLICE_X60Y12         CARRY4 (Prop_carry4_S[3]_CO[3])
                                                      0.376     8.004 r  datapath_inst/mac_inst/products_reg[2][11]_i_14/CO[3]
                         net (fo=1, routed)           0.000     8.004    datapath_inst/mac_inst/products_reg[2][11]_i_14_n_0
    SLICE_X60Y13         CARRY4 (Prop_carry4_CI_O[0])
                                                      0.219     8.223 r  datapath_inst/mac_inst/products_reg[2][11]_i_12/O[0]
                         net (fo=2, routed)           0.647     8.870    datapath_inst/mac_inst/products_reg[2][11]_i_12_n_7
    SLICE_X61Y13         LUT3 (Prop_lut3_I2_O)        0.321     9.191 r  datapath_inst/mac_inst/products[2][11]_i_5/O
                         net (fo=2, routed)           0.859    10.050    datapath_inst/mac_inst/products[2][11]_i_5_n_0
    SLICE_X61Y13         LUT4 (Prop_lut4_I3_O)        0.326    10.376 r  datapath_inst/mac_inst/products[2][11]_i_9/O
                         net (fo=1, routed)           0.000    10.376    datapath_inst/mac_inst/products[2][11]_i_9_n_0
    SLICE_X61Y13         CARRY4 (Prop_carry4_S[1]_CO[3])
                                                      0.550    10.926 r  datapath_inst/mac_inst/products_reg[2][11]_i_2/CO[3]
                         net (fo=1, routed)           0.000    10.926    datapath_inst/mac_inst/products_reg[2][11]_i_2_n_0
    SLICE_X61Y14         CARRY4 (Prop_carry4_CI_O[1])
                                                      0.334    11.260 r  datapath_inst/mac_inst/products_reg[2][15]_i_2/O[1]
                         net (fo=1, routed)           0.571    11.831    controller_inst/products_reg[2][15][1]
    SLICE_X60Y14         LUT2 (Prop_lut2_I0_O)        0.303    12.134 r  controller_inst/products[2][13]_i_1/O
                         net (fo=1, routed)           0.000    12.134    datapath_inst/mac_inst/products_reg[2][15]_0[13]
    SLICE_X60Y14         FDCE                                         r  datapath_inst/mac_inst/products_reg[2][13]/D
  -------------------------------------------------------------------    -------------------

                         (clock clk rise edge)       10.000    10.000 r  
    C11                                               0.000    10.000 r  clk (IN)
                         net (fo=0)                   0.000    10.000    clk
    C11                  IBUF (Prop_ibuf_I_O)         0.878    10.878 r  clk_IBUF_inst/O
                         net (fo=1, routed)           1.868    12.746    clk_IBUF
    BUFGCTRL_X0Y16       BUFG (Prop_bufg_I_O)         0.091    12.837 r  clk_IBUF_BUFG_inst/O
                         net (fo=571, routed)         1.516    14.354    datapath_inst/mac_inst/clk_IBUF_BUFG
    SLICE_X60Y14         FDCE                                         r  datapath_inst/mac_inst/products_reg[2][13]/C
                         clock pessimism              0.336    14.689    
                         clock uncertainty           -0.035    14.654    
    SLICE_X60Y14         FDCE (Setup_fdce_C_D)        0.081    14.735    datapath_inst/mac_inst/products_reg[2][13]
  -------------------------------------------------------------------
                         required time                         14.735    
                         arrival time                         -12.134    
  -------------------------------------------------------------------
                         slack                                  2.601    





Min Delay Paths
--------------------------------------------------------------------------------------
Slack (MET) :             0.192ns  (arrival time - required time)
  Source:                 datapath_inst/activation_inst/valid_reg_reg/C
                            (rising edge-triggered cell FDCE clocked by clk  {rise@0.000ns fall@5.000ns period=10.000ns})
  Destination:            datapath_inst/activation_inst/valid_reg/D
                            (rising edge-triggered cell FDCE clocked by clk  {rise@0.000ns fall@5.000ns period=10.000ns})
  Path Group:             clk
  Path Type:              Hold (Min at Fast Process Corner)
  Requirement:            0.000ns  (clk rise@0.000ns - clk rise@0.000ns)
  Data Path Delay:        0.275ns  (logic 0.141ns (51.231%)  route 0.134ns (48.769%))
  Logic Levels:           0  
  Clock Path Skew:        0.013ns (DCD - SCD - CPR)
    Destination Clock Delay (DCD):    1.998ns
    Source Clock Delay      (SCD):    1.484ns
    Clock Pessimism Removal (CPR):    0.501ns

    Location             Delay type                Incr(ns)  Path(ns)    Netlist Resource(s)
  -------------------------------------------------------------------    -------------------
                         (clock clk rise edge)        0.000     0.000 r  
    C11                                               0.000     0.000 r  clk (IN)
                         net (fo=0)                   0.000     0.000    clk
    C11                  IBUF (Prop_ibuf_I_O)         0.241     0.241 r  clk_IBUF_inst/O
                         net (fo=1, routed)           0.634     0.875    clk_IBUF
    BUFGCTRL_X0Y16       BUFG (Prop_bufg_I_O)         0.026     0.901 r  clk_IBUF_BUFG_inst/O
                         net (fo=571, routed)         0.584     1.484    datapath_inst/activation_inst/clk_IBUF_BUFG
    SLICE_X59Y26         FDCE                                         r  datapath_inst/activation_inst/valid_reg_reg/C
  -------------------------------------------------------------------    -------------------
    SLICE_X59Y26         FDCE (Prop_fdce_C_Q)         0.141     1.625 r  datapath_inst/activation_inst/valid_reg_reg/Q
                         net (fo=2, routed)           0.134     1.760    datapath_inst/activation_inst/valid_reg__0
    SLICE_X58Y26         FDCE                                         r  datapath_inst/activation_inst/valid_reg/D
  -------------------------------------------------------------------    -------------------

                         (clock clk rise edge)        0.000     0.000 r  
    C11                                               0.000     0.000 r  clk (IN)
                         net (fo=0)                   0.000     0.000    clk
    C11                  IBUF (Prop_ibuf_I_O)         0.430     0.430 r  clk_IBUF_inst/O
                         net (fo=1, routed)           0.689     1.119    clk_IBUF
    BUFGCTRL_X0Y16       BUFG (Prop_bufg_I_O)         0.029     1.148 r  clk_IBUF_BUFG_inst/O
                         net (fo=571, routed)         0.851     1.998    datapath_inst/activation_inst/clk_IBUF_BUFG
    SLICE_X58Y26         FDCE                                         r  datapath_inst/activation_inst/valid_reg/C
                         clock pessimism             -0.501     1.497    
    SLICE_X58Y26         FDCE (Hold_fdce_C_D)         0.070     1.567    datapath_inst/activation_inst/valid_reg
  -------------------------------------------------------------------
                         required time                         -1.567    
                         arrival time                           1.760    
  -------------------------------------------------------------------
                         slack                                  0.192    

Slack (MET) :             0.194ns  (arrival time - required time)
  Source:                 controller_inst/addr_wt_reg[12]/C
                            (rising edge-triggered cell FDCE clocked by clk  {rise@0.000ns fall@5.000ns period=10.000ns})
  Destination:            memory_inst/weight_bram_reg_0/ADDRBWRADDR[13]
                            (rising edge-triggered cell RAMB36E1 clocked by clk  {rise@0.000ns fall@5.000ns period=10.000ns})
  Path Group:             clk
  Path Type:              Hold (Min at Fast Process Corner)
  Requirement:            0.000ns  (clk rise@0.000ns - clk rise@0.000ns)
  Data Path Delay:        0.402ns  (logic 0.128ns (31.854%)  route 0.274ns (68.146%))
  Logic Levels:           0  
  Clock Path Skew:        0.078ns (DCD - SCD - CPR)
    Destination Clock Delay (DCD):    2.021ns
    Source Clock Delay      (SCD):    1.461ns
    Clock Pessimism Removal (CPR):    0.481ns

    Location             Delay type                Incr(ns)  Path(ns)    Netlist Resource(s)
  -------------------------------------------------------------------    -------------------
                         (clock clk rise edge)        0.000     0.000 r  
    C11                                               0.000     0.000 r  clk (IN)
                         net (fo=0)                   0.000     0.000    clk
    C11                  IBUF (Prop_ibuf_I_O)         0.241     0.241 r  clk_IBUF_inst/O
                         net (fo=1, routed)           0.634     0.875    clk_IBUF
    BUFGCTRL_X0Y16       BUFG (Prop_bufg_I_O)         0.026     0.901 r  clk_IBUF_BUFG_inst/O
                         net (fo=571, routed)         0.561     1.461    controller_inst/clk_IBUF_BUFG
    SLICE_X47Y16         FDCE                                         r  controller_inst/addr_wt_reg[12]/C
  -------------------------------------------------------------------    -------------------
    SLICE_X47Y16         FDCE (Prop_fdce_C_Q)         0.128     1.589 r  controller_inst/addr_wt_reg[12]/Q
                         net (fo=5, routed)           0.274     1.863    memory_inst/weight_bram_reg_3_0[12]
    RAMB36_X1Y3          RAMB36E1                                     r  memory_inst/weight_bram_reg_0/ADDRBWRADDR[13]
  -------------------------------------------------------------------    -------------------

                         (clock clk rise edge)        0.000     0.000 r  
    C11                                               0.000     0.000 r  clk (IN)
                         net (fo=0)                   0.000     0.000    clk
    C11                  IBUF (Prop_ibuf_I_O)         0.430     0.430 r  clk_IBUF_inst/O
                         net (fo=1, routed)           0.689     1.119    clk_IBUF
    BUFGCTRL_X0Y16       BUFG (Prop_bufg_I_O)         0.029     1.148 r  clk_IBUF_BUFG_inst/O
                         net (fo=571, routed)         0.873     2.021    memory_inst/clk_IBUF_BUFG
    RAMB36_X1Y3          RAMB36E1                                     r  memory_inst/weight_bram_reg_0/CLKBWRCLK
                         clock pessimism             -0.481     1.540    
    RAMB36_X1Y3          RAMB36E1 (Hold_ramb36e1_CLKBWRCLK_ADDRBWRADDR[13])
                                                      0.129     1.669    memory_inst/weight_bram_reg_0
  -------------------------------------------------------------------
                         required time                         -1.669    
                         arrival time                           1.863    
  -------------------------------------------------------------------
                         slack                                  0.194    

Slack (MET) :             0.201ns  (arrival time - required time)
  Source:                 controller_inst/FSM_onehot_state_reg[1]/C
                            (rising edge-triggered cell FDCE clocked by clk  {rise@0.000ns fall@5.000ns period=10.000ns})
  Destination:            controller_inst/busy_reg/D
                            (rising edge-triggered cell FDCE clocked by clk  {rise@0.000ns fall@5.000ns period=10.000ns})
  Path Group:             clk
  Path Type:              Hold (Min at Fast Process Corner)
  Requirement:            0.000ns  (clk rise@0.000ns - clk rise@0.000ns)
  Data Path Delay:        0.285ns  (logic 0.141ns (49.413%)  route 0.144ns (50.587%))
  Logic Levels:           0  
  Clock Path Skew:        0.014ns (DCD - SCD - CPR)
    Destination Clock Delay (DCD):    1.974ns
    Source Clock Delay      (SCD):    1.460ns
    Clock Pessimism Removal (CPR):    0.500ns

    Location             Delay type                Incr(ns)  Path(ns)    Netlist Resource(s)
  -------------------------------------------------------------------    -------------------
                         (clock clk rise edge)        0.000     0.000 r  
    C11                                               0.000     0.000 r  clk (IN)
                         net (fo=0)                   0.000     0.000    clk
    C11                  IBUF (Prop_ibuf_I_O)         0.241     0.241 r  clk_IBUF_inst/O
                         net (fo=1, routed)           0.634     0.875    clk_IBUF
    BUFGCTRL_X0Y16       BUFG (Prop_bufg_I_O)         0.026     0.901 r  clk_IBUF_BUFG_inst/O
                         net (fo=571, routed)         0.560     1.460    controller_inst/clk_IBUF_BUFG
    SLICE_X57Y27         FDCE                                         r  controller_inst/FSM_onehot_state_reg[1]/C
  -------------------------------------------------------------------    -------------------
    SLICE_X57Y27         FDCE (Prop_fdce_C_Q)         0.141     1.601 r  controller_inst/FSM_onehot_state_reg[1]/Q
                         net (fo=24, routed)          0.144     1.746    controller_inst/FSM_onehot_state_reg_n_0_[1]
    SLICE_X57Y28         FDCE                                         r  controller_inst/busy_reg/D
  -------------------------------------------------------------------    -------------------

                         (clock clk rise edge)        0.000     0.000 r  
    C11                                               0.000     0.000 r  clk (IN)
                         net (fo=0)                   0.000     0.000    clk
    C11                  IBUF (Prop_ibuf_I_O)         0.430     0.430 r  clk_IBUF_inst/O
                         net (fo=1, routed)           0.689     1.119    clk_IBUF
    BUFGCTRL_X0Y16       BUFG (Prop_bufg_I_O)         0.029     1.148 r  clk_IBUF_BUFG_inst/O
                         net (fo=571, routed)         0.827     1.974    controller_inst/clk_IBUF_BUFG
    SLICE_X57Y28         FDCE                                         r  controller_inst/busy_reg/C
                         clock pessimism             -0.500     1.474    
    SLICE_X57Y28         FDCE (Hold_fdce_C_D)         0.070     1.544    controller_inst/busy_reg
  -------------------------------------------------------------------
                         required time                         -1.544    
                         arrival time                           1.746    
  -------------------------------------------------------------------
                         slack                                  0.201    

Slack (MET) :             0.205ns  (arrival time - required time)
  Source:                 controller_inst/addr_wt_reg[0]/C
                            (rising edge-triggered cell FDCE clocked by clk  {rise@0.000ns fall@5.000ns period=10.000ns})
  Destination:            memory_inst/weight_bram_reg_0/ADDRBWRADDR[1]
                            (rising edge-triggered cell RAMB36E1 clocked by clk  {rise@0.000ns fall@5.000ns period=10.000ns})
  Path Group:             clk
  Path Type:              Hold (Min at Fast Process Corner)
  Requirement:            0.000ns  (clk rise@0.000ns - clk rise@0.000ns)
  Data Path Delay:        0.466ns  (logic 0.141ns (30.228%)  route 0.325ns (69.772%))
  Logic Levels:           0  
  Clock Path Skew:        0.078ns (DCD - SCD - CPR)
    Destination Clock Delay (DCD):    2.021ns
    Source Clock Delay      (SCD):    1.461ns
    Clock Pessimism Removal (CPR):    0.481ns

    Location             Delay type                Incr(ns)  Path(ns)    Netlist Resource(s)
  -------------------------------------------------------------------    -------------------
                         (clock clk rise edge)        0.000     0.000 r  
    C11                                               0.000     0.000 r  clk (IN)
                         net (fo=0)                   0.000     0.000    clk
    C11                  IBUF (Prop_ibuf_I_O)         0.241     0.241 r  clk_IBUF_inst/O
                         net (fo=1, routed)           0.634     0.875    clk_IBUF
    BUFGCTRL_X0Y16       BUFG (Prop_bufg_I_O)         0.026     0.901 r  clk_IBUF_BUFG_inst/O
                         net (fo=571, routed)         0.561     1.461    controller_inst/clk_IBUF_BUFG
    SLICE_X47Y16         FDCE                                         r  controller_inst/addr_wt_reg[0]/C
  -------------------------------------------------------------------    -------------------
    SLICE_X47Y16         FDCE (Prop_fdce_C_Q)         0.141     1.602 r  controller_inst/addr_wt_reg[0]/Q
                         net (fo=6, routed)           0.325     1.928    memory_inst/weight_bram_reg_3_0[0]
    RAMB36_X1Y3          RAMB36E1                                     r  memory_inst/weight_bram_reg_0/ADDRBWRADDR[1]
  -------------------------------------------------------------------    -------------------

                         (clock clk rise edge)        0.000     0.000 r  
    C11                                               0.000     0.000 r  clk (IN)
                         net (fo=0)                   0.000     0.000    clk
    C11                  IBUF (Prop_ibuf_I_O)         0.430     0.430 r  clk_IBUF_inst/O
                         net (fo=1, routed)           0.689     1.119    clk_IBUF
    BUFGCTRL_X0Y16       BUFG (Prop_bufg_I_O)         0.029     1.148 r  clk_IBUF_BUFG_inst/O
                         net (fo=571, routed)         0.873     2.021    memory_inst/clk_IBUF_BUFG
    RAMB36_X1Y3          RAMB36E1                                     r  memory_inst/weight_bram_reg_0/CLKBWRCLK
                         clock pessimism             -0.481     1.540    
    RAMB36_X1Y3          RAMB36E1 (Hold_ramb36e1_CLKBWRCLK_ADDRBWRADDR[1])
                                                      0.183     1.723    memory_inst/weight_bram_reg_0
  -------------------------------------------------------------------
                         required time                         -1.723    
                         arrival time                           1.928    
  -------------------------------------------------------------------
                         slack                                  0.205    

Slack (MET) :             0.211ns  (arrival time - required time)
  Source:                 datapath_inst/acc_reg_reg[15]/C
                            (rising edge-triggered cell FDCE clocked by clk  {rise@0.000ns fall@5.000ns period=10.000ns})
  Destination:            datapath_inst/acc_plus_bias_reg_reg[15]/D
                            (rising edge-triggered cell FDCE clocked by clk  {rise@0.000ns fall@5.000ns period=10.000ns})
  Path Group:             clk
  Path Type:              Hold (Min at Fast Process Corner)
  Requirement:            0.000ns  (clk rise@0.000ns - clk rise@0.000ns)
  Data Path Delay:        0.358ns  (logic 0.250ns (69.779%)  route 0.108ns (30.221%))
  Logic Levels:           2  (CARRY4=1 LUT3=1)
  Clock Path Skew:        0.013ns (DCD - SCD - CPR)
    Destination Clock Delay (DCD):    2.000ns
    Source Clock Delay      (SCD):    1.486ns
    Clock Pessimism Removal (CPR):    0.501ns

    Location             Delay type                Incr(ns)  Path(ns)    Netlist Resource(s)
  -------------------------------------------------------------------    -------------------
                         (clock clk rise edge)        0.000     0.000 r  
    C11                                               0.000     0.000 r  clk (IN)
                         net (fo=0)                   0.000     0.000    clk
    C11                  IBUF (Prop_ibuf_I_O)         0.241     0.241 r  clk_IBUF_inst/O
                         net (fo=1, routed)           0.634     0.875    clk_IBUF
    BUFGCTRL_X0Y16       BUFG (Prop_bufg_I_O)         0.026     0.901 r  clk_IBUF_BUFG_inst/O
                         net (fo=571, routed)         0.586     1.486    datapath_inst/clk_IBUF_BUFG
    SLICE_X59Y22         FDCE                                         r  datapath_inst/acc_reg_reg[15]/C
  -------------------------------------------------------------------    -------------------
    SLICE_X59Y22         FDCE (Prop_fdce_C_Q)         0.141     1.627 r  datapath_inst/acc_reg_reg[15]/Q
                         net (fo=2, routed)           0.108     1.736    controller_inst/acc_plus_bias_reg_reg[15]_2
    SLICE_X60Y22         LUT3 (Prop_lut3_I2_O)        0.045     1.781 r  controller_inst/acc_plus_bias_reg[15]_i_6/O
                         net (fo=1, routed)           0.000     1.781    controller_inst/acc_plus_bias_reg[15]_i_6_n_0
    SLICE_X60Y22         CARRY4 (Prop_carry4_S[3]_O[3])
                                                      0.064     1.845 r  controller_inst/acc_plus_bias_reg_reg[15]_i_2/O[3]
                         net (fo=1, routed)           0.000     1.845    datapath_inst/acc_plus_bias_reg_reg[15]_1[15]
    SLICE_X60Y22         FDCE                                         r  datapath_inst/acc_plus_bias_reg_reg[15]/D
  -------------------------------------------------------------------    -------------------

                         (clock clk rise edge)        0.000     0.000 r  
    C11                                               0.000     0.000 r  clk (IN)
                         net (fo=0)                   0.000     0.000    clk
    C11                  IBUF (Prop_ibuf_I_O)         0.430     0.430 r  clk_IBUF_inst/O
                         net (fo=1, routed)           0.689     1.119    clk_IBUF
    BUFGCTRL_X0Y16       BUFG (Prop_bufg_I_O)         0.029     1.148 r  clk_IBUF_BUFG_inst/O
                         net (fo=571, routed)         0.853     2.000    datapath_inst/clk_IBUF_BUFG
    SLICE_X60Y22         FDCE                                         r  datapath_inst/acc_plus_bias_reg_reg[15]/C
                         clock pessimism             -0.501     1.499    
    SLICE_X60Y22         FDCE (Hold_fdce_C_D)         0.134     1.633    datapath_inst/acc_plus_bias_reg_reg[15]
  -------------------------------------------------------------------
                         required time                         -1.633    
                         arrival time                           1.845    
  -------------------------------------------------------------------
                         slack                                  0.211    

Slack (MET) :             0.212ns  (arrival time - required time)
  Source:                 controller_inst/addr_in_reg[7]/C
                            (rising edge-triggered cell FDCE clocked by clk  {rise@0.000ns fall@5.000ns period=10.000ns})
  Destination:            memory_inst/input_bram_reg/ADDRBWRADDR[10]
                            (rising edge-triggered cell RAMB36E1 clocked by clk  {rise@0.000ns fall@5.000ns period=10.000ns})
  Path Group:             clk
  Path Type:              Hold (Min at Fast Process Corner)
  Requirement:            0.000ns  (clk rise@0.000ns - clk rise@0.000ns)
  Data Path Delay:        0.702ns  (logic 0.141ns (20.085%)  route 0.561ns (79.915%))
  Logic Levels:           0  
  Clock Path Skew:        0.307ns (DCD - SCD - CPR)
    Destination Clock Delay (DCD):    2.021ns
    Source Clock Delay      (SCD):    1.461ns
    Clock Pessimism Removal (CPR):    0.252ns

    Location             Delay type                Incr(ns)  Path(ns)    Netlist Resource(s)
  -------------------------------------------------------------------    -------------------
                         (clock clk rise edge)        0.000     0.000 r  
    C11                                               0.000     0.000 r  clk (IN)
                         net (fo=0)                   0.000     0.000    clk
    C11                  IBUF (Prop_ibuf_I_O)         0.241     0.241 r  clk_IBUF_inst/O
                         net (fo=1, routed)           0.634     0.875    clk_IBUF
    BUFGCTRL_X0Y16       BUFG (Prop_bufg_I_O)         0.026     0.901 r  clk_IBUF_BUFG_inst/O
                         net (fo=571, routed)         0.561     1.461    controller_inst/clk_IBUF_BUFG
    SLICE_X44Y16         FDCE                                         r  controller_inst/addr_in_reg[7]/C
  -------------------------------------------------------------------    -------------------
    SLICE_X44Y16         FDCE (Prop_fdce_C_Q)         0.141     1.602 r  controller_inst/addr_in_reg[7]/Q
                         net (fo=2, routed)           0.561     2.164    memory_inst/input_rd_addr[7]
    RAMB36_X0Y3          RAMB36E1                                     r  memory_inst/input_bram_reg/ADDRBWRADDR[10]
  -------------------------------------------------------------------    -------------------

                         (clock clk rise edge)        0.000     0.000 r  
    C11                                               0.000     0.000 r  clk (IN)
                         net (fo=0)                   0.000     0.000    clk
    C11                  IBUF (Prop_ibuf_I_O)         0.430     0.430 r  clk_IBUF_inst/O
                         net (fo=1, routed)           0.689     1.119    clk_IBUF
    BUFGCTRL_X0Y16       BUFG (Prop_bufg_I_O)         0.029     1.148 r  clk_IBUF_BUFG_inst/O
                         net (fo=571, routed)         0.873     2.021    memory_inst/clk_IBUF_BUFG
    RAMB36_X0Y3          RAMB36E1                                     r  memory_inst/input_bram_reg/CLKBWRCLK
                         clock pessimism             -0.252     1.769    
    RAMB36_X0Y3          RAMB36E1 (Hold_ramb36e1_CLKBWRCLK_ADDRBWRADDR[10])
                                                      0.183     1.952    memory_inst/input_bram_reg
  -------------------------------------------------------------------
                         required time                         -1.952    
                         arrival time                           2.164    
  -------------------------------------------------------------------
                         slack                                  0.212    

Slack (MET) :             0.218ns  (arrival time - required time)
  Source:                 datapath_inst/mac_inst/products_reg[0][7]/C
                            (rising edge-triggered cell FDCE clocked by clk  {rise@0.000ns fall@5.000ns period=10.000ns})
  Destination:            datapath_inst/mac_inst/sum_stage1_reg[0][7]/D
                            (rising edge-triggered cell FDCE clocked by clk  {rise@0.000ns fall@5.000ns period=10.000ns})
  Path Group:             clk
  Path Type:              Hold (Min at Fast Process Corner)
  Requirement:            0.000ns  (clk rise@0.000ns - clk rise@0.000ns)
  Data Path Delay:        0.336ns  (logic 0.272ns (80.895%)  route 0.064ns (19.105%))
  Logic Levels:           2  (CARRY4=1 LUT2=1)
  Clock Path Skew:        0.013ns (DCD - SCD - CPR)
    Destination Clock Delay (DCD):    1.984ns
    Source Clock Delay      (SCD):    1.466ns
    Clock Pessimism Removal (CPR):    0.505ns

    Location             Delay type                Incr(ns)  Path(ns)    Netlist Resource(s)
  -------------------------------------------------------------------    -------------------
                         (clock clk rise edge)        0.000     0.000 r  
    C11                                               0.000     0.000 r  clk (IN)
                         net (fo=0)                   0.000     0.000    clk
    C11                  IBUF (Prop_ibuf_I_O)         0.241     0.241 r  clk_IBUF_inst/O
                         net (fo=1, routed)           0.634     0.875    clk_IBUF
    BUFGCTRL_X0Y16       BUFG (Prop_bufg_I_O)         0.026     0.901 r  clk_IBUF_BUFG_inst/O
                         net (fo=571, routed)         0.566     1.466    datapath_inst/mac_inst/clk_IBUF_BUFG
    SLICE_X50Y11         FDCE                                         r  datapath_inst/mac_inst/products_reg[0][7]/C
  -------------------------------------------------------------------    -------------------
    SLICE_X50Y11         FDCE (Prop_fdce_C_Q)         0.164     1.630 r  datapath_inst/mac_inst/products_reg[0][7]/Q
                         net (fo=2, routed)           0.064     1.695    datapath_inst/mac_inst/products_reg[0][7]
    SLICE_X51Y11         LUT2 (Prop_lut2_I0_O)        0.045     1.740 r  datapath_inst/mac_inst/sum_stage1[0][7]_i_2/O
                         net (fo=1, routed)           0.000     1.740    datapath_inst/mac_inst/sum_stage1[0][7]_i_2_n_0
    SLICE_X51Y11         CARRY4 (Prop_carry4_S[3]_O[3])
                                                      0.063     1.803 r  datapath_inst/mac_inst/sum_stage1_reg[0][7]_i_1/O[3]
                         net (fo=1, routed)           0.000     1.803    datapath_inst/mac_inst/sum_stage1_reg[0][7]_i_1_n_4
    SLICE_X51Y11         FDCE                                         r  datapath_inst/mac_inst/sum_stage1_reg[0][7]/D
  -------------------------------------------------------------------    -------------------

                         (clock clk rise edge)        0.000     0.000 r  
    C11                                               0.000     0.000 r  clk (IN)
                         net (fo=0)                   0.000     0.000    clk
    C11                  IBUF (Prop_ibuf_I_O)         0.430     0.430 r  clk_IBUF_inst/O
                         net (fo=1, routed)           0.689     1.119    clk_IBUF
    BUFGCTRL_X0Y16       BUFG (Prop_bufg_I_O)         0.029     1.148 r  clk_IBUF_BUFG_inst/O
                         net (fo=571, routed)         0.837     1.984    datapath_inst/mac_inst/clk_IBUF_BUFG
    SLICE_X51Y11         FDCE                                         r  datapath_inst/mac_inst/sum_stage1_reg[0][7]/C
                         clock pessimism             -0.505     1.479    
    SLICE_X51Y11         FDCE (Hold_fdce_C_D)         0.105     1.584    datapath_inst/mac_inst/sum_stage1_reg[0][7]
  -------------------------------------------------------------------
                         required time                         -1.584    
                         arrival time                           1.803    
  -------------------------------------------------------------------
                         slack                                  0.218    

Slack (MET) :             0.224ns  (arrival time - required time)
  Source:                 controller_inst/load_counter_reg[3]/C
                            (rising edge-triggered cell FDCE clocked by clk  {rise@0.000ns fall@5.000ns period=10.000ns})
  Destination:            controller_inst/load_offset_reg[0]/D
                            (rising edge-triggered cell FDCE clocked by clk  {rise@0.000ns fall@5.000ns period=10.000ns})
  Path Group:             clk
  Path Type:              Hold (Min at Fast Process Corner)
  Requirement:            0.000ns  (clk rise@0.000ns - clk rise@0.000ns)
  Data Path Delay:        0.350ns  (logic 0.209ns (59.739%)  route 0.141ns (40.261%))
  Logic Levels:           1  (LUT4=1)
  Clock Path Skew:        0.034ns (DCD - SCD - CPR)
    Destination Clock Delay (DCD):    1.977ns
    Source Clock Delay      (SCD):    1.462ns
    Clock Pessimism Removal (CPR):    0.481ns

    Location             Delay type                Incr(ns)  Path(ns)    Netlist Resource(s)
  -------------------------------------------------------------------    -------------------
                         (clock clk rise edge)        0.000     0.000 r  
    C11                                               0.000     0.000 r  clk (IN)
                         net (fo=0)                   0.000     0.000    clk
    C11                  IBUF (Prop_ibuf_I_O)         0.241     0.241 r  clk_IBUF_inst/O
                         net (fo=1, routed)           0.634     0.875    clk_IBUF
    BUFGCTRL_X0Y16       BUFG (Prop_bufg_I_O)         0.026     0.901 r  clk_IBUF_BUFG_inst/O
                         net (fo=571, routed)         0.562     1.462    controller_inst/clk_IBUF_BUFG
    SLICE_X56Y19         FDCE                                         r  controller_inst/load_counter_reg[3]/C
  -------------------------------------------------------------------    -------------------
    SLICE_X56Y19         FDCE (Prop_fdce_C_Q)         0.164     1.626 r  controller_inst/load_counter_reg[3]/Q
                         net (fo=7, routed)           0.141     1.767    controller_inst/load_counter_reg_n_0_[3]
    SLICE_X55Y18         LUT4 (Prop_lut4_I2_O)        0.045     1.812 r  controller_inst/load_offset[0]_i_1/O
                         net (fo=1, routed)           0.000     1.812    controller_inst/load_offset[0]_i_1_n_0
    SLICE_X55Y18         FDCE                                         r  controller_inst/load_offset_reg[0]/D
  -------------------------------------------------------------------    -------------------

                         (clock clk rise edge)        0.000     0.000 r  
    C11                                               0.000     0.000 r  clk (IN)
                         net (fo=0)                   0.000     0.000    clk
    C11                  IBUF (Prop_ibuf_I_O)         0.430     0.430 r  clk_IBUF_inst/O
                         net (fo=1, routed)           0.689     1.119    clk_IBUF
    BUFGCTRL_X0Y16       BUFG (Prop_bufg_I_O)         0.029     1.148 r  clk_IBUF_BUFG_inst/O
                         net (fo=571, routed)         0.830     1.977    controller_inst/clk_IBUF_BUFG
    SLICE_X55Y18         FDCE                                         r  controller_inst/load_offset_reg[0]/C
                         clock pessimism             -0.481     1.496    
    SLICE_X55Y18         FDCE (Hold_fdce_C_D)         0.092     1.588    controller_inst/load_offset_reg[0]
  -------------------------------------------------------------------
                         required time                         -1.588    
                         arrival time                           1.812    
  -------------------------------------------------------------------
                         slack                                  0.224    

Slack (MET) :             0.229ns  (arrival time - required time)
  Source:                 datapath_inst/mac_inst/valid_pipe_reg[0]/C
                            (rising edge-triggered cell FDCE clocked by clk  {rise@0.000ns fall@5.000ns period=10.000ns})
  Destination:            datapath_inst/mac_inst/valid_pipe_reg[1]/D
                            (rising edge-triggered cell FDCE clocked by clk  {rise@0.000ns fall@5.000ns period=10.000ns})
  Path Group:             clk
  Path Type:              Hold (Min at Fast Process Corner)
  Requirement:            0.000ns  (clk rise@0.000ns - clk rise@0.000ns)
  Data Path Delay:        0.252ns  (logic 0.128ns (50.775%)  route 0.124ns (49.225%))
  Logic Levels:           0  
  Clock Path Skew:        0.000ns (DCD - SCD - CPR)
    Destination Clock Delay (DCD):    2.001ns
    Source Clock Delay      (SCD):    1.486ns
    Clock Pessimism Removal (CPR):    0.515ns

    Location             Delay type                Incr(ns)  Path(ns)    Netlist Resource(s)
  -------------------------------------------------------------------    -------------------
                         (clock clk rise edge)        0.000     0.000 r  
    C11                                               0.000     0.000 r  clk (IN)
                         net (fo=0)                   0.000     0.000    clk
    C11                  IBUF (Prop_ibuf_I_O)         0.241     0.241 r  clk_IBUF_inst/O
                         net (fo=1, routed)           0.634     0.875    clk_IBUF
    BUFGCTRL_X0Y16       BUFG (Prop_bufg_I_O)         0.026     0.901 r  clk_IBUF_BUFG_inst/O
                         net (fo=571, routed)         0.586     1.486    datapath_inst/mac_inst/clk_IBUF_BUFG
    SLICE_X58Y21         FDCE                                         r  datapath_inst/mac_inst/valid_pipe_reg[0]/C
  -------------------------------------------------------------------    -------------------
    SLICE_X58Y21         FDCE (Prop_fdce_C_Q)         0.128     1.614 r  datapath_inst/mac_inst/valid_pipe_reg[0]/Q
                         net (fo=1, routed)           0.124     1.739    datapath_inst/mac_inst/valid_pipe_reg[0]__0
    SLICE_X58Y21         FDCE                                         r  datapath_inst/mac_inst/valid_pipe_reg[1]/D
  -------------------------------------------------------------------    -------------------

                         (clock clk rise edge)        0.000     0.000 r  
    C11                                               0.000     0.000 r  clk (IN)
                         net (fo=0)                   0.000     0.000    clk
    C11                  IBUF (Prop_ibuf_I_O)         0.430     0.430 r  clk_IBUF_inst/O
                         net (fo=1, routed)           0.689     1.119    clk_IBUF
    BUFGCTRL_X0Y16       BUFG (Prop_bufg_I_O)         0.029     1.148 r  clk_IBUF_BUFG_inst/O
                         net (fo=571, routed)         0.854     2.001    datapath_inst/mac_inst/clk_IBUF_BUFG
    SLICE_X58Y21         FDCE                                         r  datapath_inst/mac_inst/valid_pipe_reg[1]/C
                         clock pessimism             -0.515     1.486    
    SLICE_X58Y21         FDCE (Hold_fdce_C_D)         0.023     1.509    datapath_inst/mac_inst/valid_pipe_reg[1]
  -------------------------------------------------------------------
                         required time                         -1.509    
                         arrival time                           1.739    
  -------------------------------------------------------------------
                         slack                                  0.229    

Slack (MET) :             0.234ns  (arrival time - required time)
  Source:                 datapath_inst/mac_inst/products_reg[2][15]/C
                            (rising edge-triggered cell FDCE clocked by clk  {rise@0.000ns fall@5.000ns period=10.000ns})
  Destination:            datapath_inst/mac_inst/sum_stage1_reg[1][15]/D
                            (rising edge-triggered cell FDCE clocked by clk  {rise@0.000ns fall@5.000ns period=10.000ns})
  Path Group:             clk
  Path Type:              Hold (Min at Fast Process Corner)
  Requirement:            0.000ns  (clk rise@0.000ns - clk rise@0.000ns)
  Data Path Delay:        0.353ns  (logic 0.249ns (70.628%)  route 0.104ns (29.372%))
  Logic Levels:           2  (CARRY4=1 LUT2=1)
  Clock Path Skew:        0.014ns (DCD - SCD - CPR)
    Destination Clock Delay (DCD):    2.005ns
    Source Clock Delay      (SCD):    1.490ns
    Clock Pessimism Removal (CPR):    0.501ns

    Location             Delay type                Incr(ns)  Path(ns)    Netlist Resource(s)
  -------------------------------------------------------------------    -------------------
                         (clock clk rise edge)        0.000     0.000 r  
    C11                                               0.000     0.000 r  clk (IN)
                         net (fo=0)                   0.000     0.000    clk
    C11                  IBUF (Prop_ibuf_I_O)         0.241     0.241 r  clk_IBUF_inst/O
                         net (fo=1, routed)           0.634     0.875    clk_IBUF
    BUFGCTRL_X0Y16       BUFG (Prop_bufg_I_O)         0.026     0.901 r  clk_IBUF_BUFG_inst/O
                         net (fo=571, routed)         0.590     1.490    datapath_inst/mac_inst/clk_IBUF_BUFG
    SLICE_X61Y17         FDCE                                         r  datapath_inst/mac_inst/products_reg[2][15]/C
  -------------------------------------------------------------------    -------------------
    SLICE_X61Y17         FDCE (Prop_fdce_C_Q)         0.141     1.631 r  datapath_inst/mac_inst/products_reg[2][15]/Q
                         net (fo=1, routed)           0.104     1.735    datapath_inst/mac_inst/products_reg[2][15]
    SLICE_X58Y17         LUT2 (Prop_lut2_I0_O)        0.045     1.780 r  datapath_inst/mac_inst/sum_stage1[1][15]_i_2/O
                         net (fo=1, routed)           0.000     1.780    datapath_inst/mac_inst/sum_stage1[1][15]_i_2_n_0
    SLICE_X58Y17         CARRY4 (Prop_carry4_S[3]_O[3])
                                                      0.063     1.843 r  datapath_inst/mac_inst/sum_stage1_reg[1][15]_i_1/O[3]
                         net (fo=1, routed)           0.000     1.843    datapath_inst/mac_inst/sum_stage1_reg[1][15]_i_1_n_4
    SLICE_X58Y17         FDCE                                         r  datapath_inst/mac_inst/sum_stage1_reg[1][15]/D
  -------------------------------------------------------------------    -------------------

                         (clock clk rise edge)        0.000     0.000 r  
    C11                                               0.000     0.000 r  clk (IN)
                         net (fo=0)                   0.000     0.000    clk
    C11                  IBUF (Prop_ibuf_I_O)         0.430     0.430 r  clk_IBUF_inst/O
                         net (fo=1, routed)           0.689     1.119    clk_IBUF
    BUFGCTRL_X0Y16       BUFG (Prop_bufg_I_O)         0.029     1.148 r  clk_IBUF_BUFG_inst/O
                         net (fo=571, routed)         0.858     2.005    datapath_inst/mac_inst/clk_IBUF_BUFG
    SLICE_X58Y17         FDCE                                         r  datapath_inst/mac_inst/sum_stage1_reg[1][15]/C
                         clock pessimism             -0.501     1.504    
    SLICE_X58Y17         FDCE (Hold_fdce_C_D)         0.105     1.609    datapath_inst/mac_inst/sum_stage1_reg[1][15]
  -------------------------------------------------------------------
                         required time                         -1.609    
                         arrival time                           1.843    
  -------------------------------------------------------------------
                         slack                                  0.234    





Pulse Width Checks
--------------------------------------------------------------------------------------
Clock Name:         clk
Waveform(ns):       { 0.000 5.000 }
Period(ns):         10.000
Sources:            { clk }

Check Type        Corner  Lib Pin             Reference Pin  Required(ns)  Actual(ns)  Slack(ns)  Location      Pin
Min Period        n/a     RAMB18E1/CLKARDCLK  n/a            2.944         10.000      7.056      RAMB18_X0Y8   memory_inst/bias_bram_reg/CLKARDCLK
Min Period        n/a     RAMB36E1/CLKARDCLK  n/a            2.944         10.000      7.056      RAMB36_X0Y3   memory_inst/input_bram_reg/CLKARDCLK
Min Period        n/a     RAMB36E1/CLKARDCLK  n/a            2.944         10.000      7.056      RAMB36_X1Y3   memory_inst/weight_bram_reg_0/CLKARDCLK
Min Period        n/a     RAMB36E1/CLKARDCLK  n/a            2.944         10.000      7.056      RAMB36_X1Y6   memory_inst/weight_bram_reg_1/CLKARDCLK
Min Period        n/a     RAMB36E1/CLKARDCLK  n/a            2.944         10.000      7.056      RAMB36_X1Y4   memory_inst/weight_bram_reg_2/CLKARDCLK
Min Period        n/a     RAMB36E1/CLKARDCLK  n/a            2.944         10.000      7.056      RAMB36_X1Y5   memory_inst/weight_bram_reg_3/CLKARDCLK
Min Period        n/a     RAMB18E1/CLKBWRCLK  n/a            2.576         10.000      7.424      RAMB18_X0Y8   memory_inst/bias_bram_reg/CLKBWRCLK
Min Period        n/a     RAMB36E1/CLKBWRCLK  n/a            2.576         10.000      7.424      RAMB36_X0Y3   memory_inst/input_bram_reg/CLKBWRCLK
Min Period        n/a     RAMB36E1/CLKBWRCLK  n/a            2.576         10.000      7.424      RAMB36_X1Y3   memory_inst/weight_bram_reg_0/CLKBWRCLK
Min Period        n/a     RAMB36E1/CLKBWRCLK  n/a            2.576         10.000      7.424      RAMB36_X1Y6   memory_inst/weight_bram_reg_1/CLKBWRCLK
Low Pulse Width   Slow    FDCE/C              n/a            0.500         5.000       4.500      SLICE_X53Y19  datapath_bias_in_reg[0]/C
Low Pulse Width   Fast    FDCE/C              n/a            0.500         5.000       4.500      SLICE_X53Y19  datapath_bias_in_reg[0]/C
Low Pulse Width   Slow    FDCE/C              n/a            0.500         5.000       4.500      SLICE_X53Y19  datapath_bias_in_reg[1]/C
Low Pulse Width   Fast    FDCE/C              n/a            0.500         5.000       4.500      SLICE_X53Y19  datapath_bias_in_reg[1]/C
Low Pulse Width   Slow    FDCE/C              n/a            0.500         5.000       4.500      SLICE_X54Y19  datapath_bias_in_reg[2]/C
Low Pulse Width   Fast    FDCE/C              n/a            0.500         5.000       4.500      SLICE_X54Y19  datapath_bias_in_reg[2]/C
Low Pulse Width   Slow    FDCE/C              n/a            0.500         5.000       4.500      SLICE_X54Y19  datapath_bias_in_reg[3]/C
Low Pulse Width   Fast    FDCE/C              n/a            0.500         5.000       4.500      SLICE_X54Y19  datapath_bias_in_reg[3]/C
Low Pulse Width   Slow    FDCE/C              n/a            0.500         5.000       4.500      SLICE_X54Y19  datapath_bias_in_reg[4]/C
Low Pulse Width   Fast    FDCE/C              n/a            0.500         5.000       4.500      SLICE_X54Y19  datapath_bias_in_reg[4]/C
High Pulse Width  Slow    FDCE/C              n/a            0.500         5.000       4.500      SLICE_X53Y19  datapath_bias_in_reg[0]/C
High Pulse Width  Fast    FDCE/C              n/a            0.500         5.000       4.500      SLICE_X53Y19  datapath_bias_in_reg[0]/C
High Pulse Width  Slow    FDCE/C              n/a            0.500         5.000       4.500      SLICE_X53Y19  datapath_bias_in_reg[1]/C
High Pulse Width  Fast    FDCE/C              n/a            0.500         5.000       4.500      SLICE_X53Y19  datapath_bias_in_reg[1]/C
High Pulse Width  Slow    FDCE/C              n/a            0.500         5.000       4.500      SLICE_X54Y19  datapath_bias_in_reg[2]/C
High Pulse Width  Fast    FDCE/C              n/a            0.500         5.000       4.500      SLICE_X54Y19  datapath_bias_in_reg[2]/C
High Pulse Width  Slow    FDCE/C              n/a            0.500         5.000       4.500      SLICE_X54Y19  datapath_bias_in_reg[3]/C
High Pulse Width  Fast    FDCE/C              n/a            0.500         5.000       4.500      SLICE_X54Y19  datapath_bias_in_reg[3]/C
High Pulse Width  Slow    FDCE/C              n/a            0.500         5.000       4.500      SLICE_X54Y19  datapath_bias_in_reg[4]/C
High Pulse Width  Fast    FDCE/C              n/a            0.500         5.000       4.500      SLICE_X54Y19  datapath_bias_in_reg[4]/C



--------------------------------------------------------------------------------------
Path Group:  (none)
From Clock:  clk
  To Clock:  

Max Delay            36 Endpoints
Min Delay            36 Endpoints
--------------------------------------------------------------------------------------


Max Delay Paths
--------------------------------------------------------------------------------------
Slack:                    inf
  Source:                 controller_inst/done_reg/C
                            (rising edge-triggered cell FDCE clocked by clk  {rise@0.000ns fall@5.000ns period=10.000ns})
  Destination:            done
                            (output port)
  Path Group:             (none)
  Path Type:              Max at Slow Process Corner
  Data Path Delay:        8.362ns  (logic 3.169ns (37.902%)  route 5.192ns (62.098%))
  Logic Levels:           1  (OBUF=1)
  Clock Uncertainty:      0.025ns  ((TSJ^2 + TIJ^2)^1/2 + DJ) / 2 + PE
    Total System Jitter     (TSJ):    0.050ns
    Total Input Jitter      (TIJ):    0.000ns
    Discrete Jitter          (DJ):    0.000ns
    Phase Error              (PE):    0.000ns
  Timing Exception:       False Path

    Location             Delay type                Incr(ns)  Path(ns)    Netlist Resource(s)
  -------------------------------------------------------------------    -------------------
                         (clock clk rise edge)        0.000     0.000 r  
    C11                                               0.000     0.000 r  clk (IN)
                         net (fo=0)                   0.000     0.000    clk
    C11                  IBUF (Prop_ibuf_I_O)         1.012     1.012 r  clk_IBUF_inst/O
                         net (fo=1, routed)           1.972     2.984    clk_IBUF
    BUFGCTRL_X0Y16       BUFG (Prop_bufg_I_O)         0.096     3.080 r  clk_IBUF_BUFG_inst/O
                         net (fo=571, routed)         1.559     4.639    controller_inst/clk_IBUF_BUFG
    SLICE_X56Y28         FDCE                                         r  controller_inst/done_reg/C
  -------------------------------------------------------------------    -------------------
    SLICE_X56Y28         FDCE (Prop_fdce_C_Q)         0.518     5.157 r  controller_inst/done_reg/Q
                         net (fo=1, routed)           5.192    10.350    done_OBUF
    C9                   OBUF (Prop_obuf_I_O)         2.651    13.001 r  done_OBUF_inst/O
                         net (fo=0)                   0.000    13.001    done
    C9                                                                r  done (OUT)
  -------------------------------------------------------------------    -------------------

Slack:                    inf
  Source:                 datapath_inst/activation_inst/valid_reg_lopt_replica/C
                            (rising edge-triggered cell FDCE clocked by clk  {rise@0.000ns fall@5.000ns period=10.000ns})
  Destination:            output_valid
                            (output port)
  Path Group:             (none)
  Path Type:              Max at Slow Process Corner
  Data Path Delay:        8.255ns  (logic 3.109ns (37.657%)  route 5.146ns (62.343%))
  Logic Levels:           1  (OBUF=1)
  Clock Uncertainty:      0.025ns  ((TSJ^2 + TIJ^2)^1/2 + DJ) / 2 + PE
    Total System Jitter     (TSJ):    0.050ns
    Total Input Jitter      (TIJ):    0.000ns
    Discrete Jitter          (DJ):    0.000ns
    Phase Error              (PE):    0.000ns
  Timing Exception:       False Path

    Location             Delay type                Incr(ns)  Path(ns)    Netlist Resource(s)
  -------------------------------------------------------------------    -------------------
                         (clock clk rise edge)        0.000     0.000 r  
    C11                                               0.000     0.000 r  clk (IN)
                         net (fo=0)                   0.000     0.000    clk
    C11                  IBUF (Prop_ibuf_I_O)         1.012     1.012 r  clk_IBUF_inst/O
                         net (fo=1, routed)           1.972     2.984    clk_IBUF
    BUFGCTRL_X0Y16       BUFG (Prop_bufg_I_O)         0.096     3.080 r  clk_IBUF_BUFG_inst/O
                         net (fo=571, routed)         1.627     4.707    datapath_inst/activation_inst/clk_IBUF_BUFG
    SLICE_X58Y30         FDCE                                         r  datapath_inst/activation_inst/valid_reg_lopt_replica/C
  -------------------------------------------------------------------    -------------------
    SLICE_X58Y30         FDCE (Prop_fdce_C_Q)         0.456     5.163 r  datapath_inst/activation_inst/valid_reg_lopt_replica/Q
                         net (fo=1, routed)           5.146    10.310    lopt_16
    C8                   OBUF (Prop_obuf_I_O)         2.653    12.962 r  output_valid_OBUF_inst/O
                         net (fo=0)                   0.000    12.962    output_valid
    C8                                                                r  output_valid (OUT)
  -------------------------------------------------------------------    -------------------

Slack:                    inf
  Source:                 controller_inst/busy_reg/C
                            (rising edge-triggered cell FDCE clocked by clk  {rise@0.000ns fall@5.000ns period=10.000ns})
  Destination:            busy
                            (output port)
  Path Group:             (none)
  Path Type:              Max at Slow Process Corner
  Data Path Delay:        7.820ns  (logic 3.141ns (40.162%)  route 4.679ns (59.838%))
  Logic Levels:           1  (OBUF=1)
  Clock Uncertainty:      0.025ns  ((TSJ^2 + TIJ^2)^1/2 + DJ) / 2 + PE
    Total System Jitter     (TSJ):    0.050ns
    Total Input Jitter      (TIJ):    0.000ns
    Discrete Jitter          (DJ):    0.000ns
    Phase Error              (PE):    0.000ns
  Timing Exception:       False Path

    Location             Delay type                Incr(ns)  Path(ns)    Netlist Resource(s)
  -------------------------------------------------------------------    -------------------
                         (clock clk rise edge)        0.000     0.000 r  
    C11                                               0.000     0.000 r  clk (IN)
                         net (fo=0)                   0.000     0.000    clk
    C11                  IBUF (Prop_ibuf_I_O)         1.012     1.012 r  clk_IBUF_inst/O
                         net (fo=1, routed)           1.972     2.984    clk_IBUF
    BUFGCTRL_X0Y16       BUFG (Prop_bufg_I_O)         0.096     3.080 r  clk_IBUF_BUFG_inst/O
                         net (fo=571, routed)         1.559     4.639    controller_inst/clk_IBUF_BUFG
    SLICE_X57Y28         FDCE                                         r  controller_inst/busy_reg/C
  -------------------------------------------------------------------    -------------------
    SLICE_X57Y28         FDCE (Prop_fdce_C_Q)         0.456     5.095 r  controller_inst/busy_reg/Q
                         net (fo=1, routed)           4.679     9.775    busy_OBUF
    A8                   OBUF (Prop_obuf_I_O)         2.685    12.460 r  busy_OBUF_inst/O
                         net (fo=0)                   0.000    12.460    busy
    A8                                                                r  busy (OUT)
  -------------------------------------------------------------------    -------------------

Slack:                    inf
  Source:                 controller_inst/output_wr_en_reg/C
                            (rising edge-triggered cell FDCE clocked by clk  {rise@0.000ns fall@5.000ns period=10.000ns})
  Destination:            output_wr_en
                            (output port)
  Path Group:             (none)
  Path Type:              Max at Slow Process Corner
  Data Path Delay:        7.666ns  (logic 3.134ns (40.884%)  route 4.532ns (59.116%))
  Logic Levels:           1  (OBUF=1)
  Clock Uncertainty:      0.025ns  ((TSJ^2 + TIJ^2)^1/2 + DJ) / 2 + PE
    Total System Jitter     (TSJ):    0.050ns
    Total Input Jitter      (TIJ):    0.000ns
    Discrete Jitter          (DJ):    0.000ns
    Phase Error              (PE):    0.000ns
  Timing Exception:       False Path

    Location             Delay type                Incr(ns)  Path(ns)    Netlist Resource(s)
  -------------------------------------------------------------------    -------------------
                         (clock clk rise edge)        0.000     0.000 r  
    C11                                               0.000     0.000 r  clk (IN)
                         net (fo=0)                   0.000     0.000    clk
    C11                  IBUF (Prop_ibuf_I_O)         1.012     1.012 r  clk_IBUF_inst/O
                         net (fo=1, routed)           1.972     2.984    clk_IBUF
    BUFGCTRL_X0Y16       BUFG (Prop_bufg_I_O)         0.096     3.080 r  clk_IBUF_BUFG_inst/O
                         net (fo=571, routed)         1.554     4.634    controller_inst/clk_IBUF_BUFG
    SLICE_X42Y28         FDCE                                         r  controller_inst/output_wr_en_reg/C
  -------------------------------------------------------------------    -------------------
    SLICE_X42Y28         FDCE (Prop_fdce_C_Q)         0.518     5.152 r  controller_inst/output_wr_en_reg/Q
                         net (fo=1, routed)           4.532     9.684    output_wr_en_OBUF
    D10                  OBUF (Prop_obuf_I_O)         2.616    12.300 r  output_wr_en_OBUF_inst/O
                         net (fo=0)                   0.000    12.300    output_wr_en
    D10                                                               r  output_wr_en (OUT)
  -------------------------------------------------------------------    -------------------

Slack:                    inf
  Source:                 controller_inst/addr_out_reg[14]/C
                            (rising edge-triggered cell FDCE clocked by clk  {rise@0.000ns fall@5.000ns period=10.000ns})
  Destination:            output_wr_addr[14]
                            (output port)
  Path Group:             (none)
  Path Type:              Max at Slow Process Corner
  Data Path Delay:        6.059ns  (logic 3.072ns (50.703%)  route 2.987ns (49.297%))
  Logic Levels:           1  (OBUF=1)
  Clock Uncertainty:      0.025ns  ((TSJ^2 + TIJ^2)^1/2 + DJ) / 2 + PE
    Total System Jitter     (TSJ):    0.050ns
    Total Input Jitter      (TIJ):    0.000ns
    Discrete Jitter          (DJ):    0.000ns
    Phase Error              (PE):    0.000ns
  Timing Exception:       False Path

    Location             Delay type                Incr(ns)  Path(ns)    Netlist Resource(s)
  -------------------------------------------------------------------    -------------------
                         (clock clk rise edge)        0.000     0.000 r  
    C11                                               0.000     0.000 r  clk (IN)
                         net (fo=0)                   0.000     0.000    clk
    C11                  IBUF (Prop_ibuf_I_O)         1.012     1.012 r  clk_IBUF_inst/O
                         net (fo=1, routed)           1.972     2.984    clk_IBUF
    BUFGCTRL_X0Y16       BUFG (Prop_bufg_I_O)         0.096     3.080 r  clk_IBUF_BUFG_inst/O
                         net (fo=571, routed)         1.628     4.708    controller_inst/clk_IBUF_BUFG
    SLICE_X58Y18         FDCE                                         r  controller_inst/addr_out_reg[14]/C
  -------------------------------------------------------------------    -------------------
    SLICE_X58Y18         FDCE (Prop_fdce_C_Q)         0.456     5.164 r  controller_inst/addr_out_reg[14]/Q
                         net (fo=2, routed)           2.987     8.151    output_wr_addr_OBUF[14]
    N3                   OBUF (Prop_obuf_I_O)         2.616    10.767 r  output_wr_addr_OBUF[14]_inst/O
                         net (fo=0)                   0.000    10.767    output_wr_addr[14]
    N3                                                                r  output_wr_addr[14] (OUT)
  -------------------------------------------------------------------    -------------------

Slack:                    inf
  Source:                 controller_inst/addr_out_reg[0]/C
                            (rising edge-triggered cell FDCE clocked by clk  {rise@0.000ns fall@5.000ns period=10.000ns})
  Destination:            output_wr_addr[0]
                            (output port)
  Path Group:             (none)
  Path Type:              Max at Slow Process Corner
  Data Path Delay:        6.058ns  (logic 3.066ns (50.610%)  route 2.992ns (49.390%))
  Logic Levels:           1  (OBUF=1)
  Clock Uncertainty:      0.025ns  ((TSJ^2 + TIJ^2)^1/2 + DJ) / 2 + PE
    Total System Jitter     (TSJ):    0.050ns
    Total Input Jitter      (TIJ):    0.000ns
    Discrete Jitter          (DJ):    0.000ns
    Phase Error              (PE):    0.000ns
  Timing Exception:       False Path

    Location             Delay type                Incr(ns)  Path(ns)    Netlist Resource(s)
  -------------------------------------------------------------------    -------------------
                         (clock clk rise edge)        0.000     0.000 r  
    C11                                               0.000     0.000 r  clk (IN)
                         net (fo=0)                   0.000     0.000    clk
    C11                  IBUF (Prop_ibuf_I_O)         1.012     1.012 r  clk_IBUF_inst/O
                         net (fo=1, routed)           1.972     2.984    clk_IBUF
    BUFGCTRL_X0Y16       BUFG (Prop_bufg_I_O)         0.096     3.080 r  clk_IBUF_BUFG_inst/O
                         net (fo=571, routed)         1.558     4.638    controller_inst/clk_IBUF_BUFG
    SLICE_X44Y18         FDCE                                         r  controller_inst/addr_out_reg[0]/C
  -------------------------------------------------------------------    -------------------
    SLICE_X44Y18         FDCE (Prop_fdce_C_Q)         0.456     5.094 r  controller_inst/addr_out_reg[0]/Q
                         net (fo=3, routed)           2.992     8.086    output_wr_addr_OBUF[0]
    P5                   OBUF (Prop_obuf_I_O)         2.610    10.696 r  output_wr_addr_OBUF[0]_inst/O
                         net (fo=0)                   0.000    10.696    output_wr_addr[0]
    P5                                                                r  output_wr_addr[0] (OUT)
  -------------------------------------------------------------------    -------------------

Slack:                    inf
  Source:                 datapath_inst/activation_inst/data_out_reg[7]/C
                            (rising edge-triggered cell FDCE clocked by clk  {rise@0.000ns fall@5.000ns period=10.000ns})
  Destination:            output_wr_data[7]
                            (output port)
  Path Group:             (none)
  Path Type:              Max at Slow Process Corner
  Data Path Delay:        5.856ns  (logic 3.137ns (53.564%)  route 2.719ns (46.436%))
  Logic Levels:           1  (OBUF=1)
  Clock Uncertainty:      0.025ns  ((TSJ^2 + TIJ^2)^1/2 + DJ) / 2 + PE
    Total System Jitter     (TSJ):    0.050ns
    Total Input Jitter      (TIJ):    0.000ns
    Discrete Jitter          (DJ):    0.000ns
    Phase Error              (PE):    0.000ns
  Timing Exception:       False Path

    Location             Delay type                Incr(ns)  Path(ns)    Netlist Resource(s)
  -------------------------------------------------------------------    -------------------
                         (clock clk rise edge)        0.000     0.000 r  
    C11                                               0.000     0.000 r  clk (IN)
                         net (fo=0)                   0.000     0.000    clk
    C11                  IBUF (Prop_ibuf_I_O)         1.012     1.012 r  clk_IBUF_inst/O
                         net (fo=1, routed)           1.972     2.984    clk_IBUF
    BUFGCTRL_X0Y16       BUFG (Prop_bufg_I_O)         0.096     3.080 r  clk_IBUF_BUFG_inst/O
                         net (fo=571, routed)         1.629     4.709    datapath_inst/activation_inst/clk_IBUF_BUFG
    SLICE_X64Y31         FDCE                                         r  datapath_inst/activation_inst/data_out_reg[7]/C
  -------------------------------------------------------------------    -------------------
    SLICE_X64Y31         FDCE (Prop_fdce_C_Q)         0.518     5.227 r  datapath_inst/activation_inst/data_out_reg[7]/Q
                         net (fo=1, routed)           2.719     7.947    output_wr_data_OBUF[7]
    G1                   OBUF (Prop_obuf_I_O)         2.619    10.565 r  output_wr_data_OBUF[7]_inst/O
                         net (fo=0)                   0.000    10.565    output_wr_data[7]
    G1                                                                r  output_wr_data[7] (OUT)
  -------------------------------------------------------------------    -------------------

Slack:                    inf
  Source:                 datapath_inst/activation_inst/data_out_reg[5]/C
                            (rising edge-triggered cell FDCE clocked by clk  {rise@0.000ns fall@5.000ns period=10.000ns})
  Destination:            output_wr_data[5]
                            (output port)
  Path Group:             (none)
  Path Type:              Max at Slow Process Corner
  Data Path Delay:        5.809ns  (logic 3.142ns (54.087%)  route 2.667ns (45.913%))
  Logic Levels:           1  (OBUF=1)
  Clock Uncertainty:      0.025ns  ((TSJ^2 + TIJ^2)^1/2 + DJ) / 2 + PE
    Total System Jitter     (TSJ):    0.050ns
    Total Input Jitter      (TIJ):    0.000ns
    Discrete Jitter          (DJ):    0.000ns
    Phase Error              (PE):    0.000ns
  Timing Exception:       False Path

    Location             Delay type                Incr(ns)  Path(ns)    Netlist Resource(s)
  -------------------------------------------------------------------    -------------------
                         (clock clk rise edge)        0.000     0.000 r  
    C11                                               0.000     0.000 r  clk (IN)
                         net (fo=0)                   0.000     0.000    clk
    C11                  IBUF (Prop_ibuf_I_O)         1.012     1.012 r  clk_IBUF_inst/O
                         net (fo=1, routed)           1.972     2.984    clk_IBUF
    BUFGCTRL_X0Y16       BUFG (Prop_bufg_I_O)         0.096     3.080 r  clk_IBUF_BUFG_inst/O
                         net (fo=571, routed)         1.631     4.711    datapath_inst/activation_inst/clk_IBUF_BUFG
    SLICE_X64Y32         FDCE                                         r  datapath_inst/activation_inst/data_out_reg[5]/C
  -------------------------------------------------------------------    -------------------
    SLICE_X64Y32         FDCE (Prop_fdce_C_Q)         0.518     5.229 r  datapath_inst/activation_inst/data_out_reg[5]/Q
                         net (fo=1, routed)           2.667     7.896    output_wr_data_OBUF[5]
    H4                   OBUF (Prop_obuf_I_O)         2.624    10.520 r  output_wr_data_OBUF[5]_inst/O
                         net (fo=0)                   0.000    10.520    output_wr_data[5]
    H4                                                                r  output_wr_data[5] (OUT)
  -------------------------------------------------------------------    -------------------

Slack:                    inf
  Source:                 datapath_inst/activation_inst/data_out_reg[6]/C
                            (rising edge-triggered cell FDCE clocked by clk  {rise@0.000ns fall@5.000ns period=10.000ns})
  Destination:            output_wr_data[6]
                            (output port)
  Path Group:             (none)
  Path Type:              Max at Slow Process Corner
  Data Path Delay:        5.786ns  (logic 3.152ns (54.480%)  route 2.634ns (45.520%))
  Logic Levels:           1  (OBUF=1)
  Clock Uncertainty:      0.025ns  ((TSJ^2 + TIJ^2)^1/2 + DJ) / 2 + PE
    Total System Jitter     (TSJ):    0.050ns
    Total Input Jitter      (TIJ):    0.000ns
    Discrete Jitter          (DJ):    0.000ns
    Phase Error              (PE):    0.000ns
  Timing Exception:       False Path

    Location             Delay type                Incr(ns)  Path(ns)    Netlist Resource(s)
  -------------------------------------------------------------------    -------------------
                         (clock clk rise edge)        0.000     0.000 r  
    C11                                               0.000     0.000 r  clk (IN)
                         net (fo=0)                   0.000     0.000    clk
    C11                  IBUF (Prop_ibuf_I_O)         1.012     1.012 r  clk_IBUF_inst/O
                         net (fo=1, routed)           1.972     2.984    clk_IBUF
    BUFGCTRL_X0Y16       BUFG (Prop_bufg_I_O)         0.096     3.080 r  clk_IBUF_BUFG_inst/O
                         net (fo=571, routed)         1.629     4.709    datapath_inst/activation_inst/clk_IBUF_BUFG
    SLICE_X64Y31         FDCE                                         r  datapath_inst/activation_inst/data_out_reg[6]/C
  -------------------------------------------------------------------    -------------------
    SLICE_X64Y31         FDCE (Prop_fdce_C_Q)         0.518     5.227 r  datapath_inst/activation_inst/data_out_reg[6]/Q
                         net (fo=1, routed)           2.634     7.861    output_wr_data_OBUF[6]
    H5                   OBUF (Prop_obuf_I_O)         2.634    10.495 r  output_wr_data_OBUF[6]_inst/O
                         net (fo=0)                   0.000    10.495    output_wr_data[6]
    H5                                                                r  output_wr_data[6] (OUT)
  -------------------------------------------------------------------    -------------------

Slack:                    inf
  Source:                 datapath_inst/activation_inst/data_out_reg[3]/C
                            (rising edge-triggered cell FDCE clocked by clk  {rise@0.000ns fall@5.000ns period=10.000ns})
  Destination:            output_wr_data[3]
                            (output port)
  Path Group:             (none)
  Path Type:              Max at Slow Process Corner
  Data Path Delay:        5.780ns  (logic 3.138ns (54.290%)  route 2.642ns (45.710%))
  Logic Levels:           1  (OBUF=1)
  Clock Uncertainty:      0.025ns  ((TSJ^2 + TIJ^2)^1/2 + DJ) / 2 + PE
    Total System Jitter     (TSJ):    0.050ns
    Total Input Jitter      (TIJ):    0.000ns
    Discrete Jitter          (DJ):    0.000ns
    Phase Error              (PE):    0.000ns
  Timing Exception:       False Path

    Location             Delay type                Incr(ns)  Path(ns)    Netlist Resource(s)
  -------------------------------------------------------------------    -------------------
                         (clock clk rise edge)        0.000     0.000 r  
    C11                                               0.000     0.000 r  clk (IN)
                         net (fo=0)                   0.000     0.000    clk
    C11                  IBUF (Prop_ibuf_I_O)         1.012     1.012 r  clk_IBUF_inst/O
                         net (fo=1, routed)           1.972     2.984    clk_IBUF
    BUFGCTRL_X0Y16       BUFG (Prop_bufg_I_O)         0.096     3.080 r  clk_IBUF_BUFG_inst/O
                         net (fo=571, routed)         1.631     4.711    datapath_inst/activation_inst/clk_IBUF_BUFG
    SLICE_X64Y32         FDCE                                         r  datapath_inst/activation_inst/data_out_reg[3]/C
  -------------------------------------------------------------------    -------------------
    SLICE_X64Y32         FDCE (Prop_fdce_C_Q)         0.518     5.229 r  datapath_inst/activation_inst/data_out_reg[3]/Q
                         net (fo=1, routed)           2.642     7.871    output_wr_data_OBUF[3]
    J4                   OBUF (Prop_obuf_I_O)         2.620    10.491 r  output_wr_data_OBUF[3]_inst/O
                         net (fo=0)                   0.000    10.491    output_wr_data[3]
    J4                                                                r  output_wr_data[3] (OUT)
  -------------------------------------------------------------------    -------------------





Min Delay Paths
--------------------------------------------------------------------------------------
Slack:                    inf
  Source:                 controller_inst/addr_out_reg[7]/C
                            (rising edge-triggered cell FDCE clocked by clk  {rise@0.000ns fall@5.000ns period=10.000ns})
  Destination:            output_wr_addr[7]
                            (output port)
  Path Group:             (none)
  Path Type:              Min at Fast Process Corner
  Data Path Delay:        1.735ns  (logic 1.280ns (73.752%)  route 0.455ns (26.248%))
  Logic Levels:           1  (OBUF=1)
  Clock Uncertainty:      0.025ns  ((TSJ^2 + TIJ^2)^1/2 + DJ) / 2 + PE
    Total System Jitter     (TSJ):    0.050ns
    Total Input Jitter      (TIJ):    0.000ns
    Discrete Jitter          (DJ):    0.000ns
    Phase Error              (PE):    0.000ns
  Timing Exception:       False Path

    Location             Delay type                Incr(ns)  Path(ns)    Netlist Resource(s)
  -------------------------------------------------------------------    -------------------
                         (clock clk rise edge)        0.000     0.000 r  
    C11                                               0.000     0.000 r  clk (IN)
                         net (fo=0)                   0.000     0.000    clk
    C11                  IBUF (Prop_ibuf_I_O)         0.241     0.241 r  clk_IBUF_inst/O
                         net (fo=1, routed)           0.634     0.875    clk_IBUF
    BUFGCTRL_X0Y16       BUFG (Prop_bufg_I_O)         0.026     0.901 r  clk_IBUF_BUFG_inst/O
                         net (fo=571, routed)         0.585     1.485    controller_inst/clk_IBUF_BUFG
    SLICE_X64Y26         FDCE                                         r  controller_inst/addr_out_reg[7]/C
  -------------------------------------------------------------------    -------------------
    SLICE_X64Y26         FDCE (Prop_fdce_C_Q)         0.164     1.649 r  controller_inst/addr_out_reg[7]/Q
                         net (fo=2, routed)           0.455     2.105    output_wr_addr_OBUF[7]
    N4                   OBUF (Prop_obuf_I_O)         1.116     3.220 r  output_wr_addr_OBUF[7]_inst/O
                         net (fo=0)                   0.000     3.220    output_wr_addr[7]
    N4                                                                r  output_wr_addr[7] (OUT)
  -------------------------------------------------------------------    -------------------

Slack:                    inf
  Source:                 controller_inst/addr_out_reg[4]/C
                            (rising edge-triggered cell FDCE clocked by clk  {rise@0.000ns fall@5.000ns period=10.000ns})
  Destination:            output_wr_addr[4]
                            (output port)
  Path Group:             (none)
  Path Type:              Min at Fast Process Corner
  Data Path Delay:        1.776ns  (logic 1.296ns (72.951%)  route 0.480ns (27.049%))
  Logic Levels:           1  (OBUF=1)
  Clock Uncertainty:      0.025ns  ((TSJ^2 + TIJ^2)^1/2 + DJ) / 2 + PE
    Total System Jitter     (TSJ):    0.050ns
    Total Input Jitter      (TIJ):    0.000ns
    Discrete Jitter          (DJ):    0.000ns
    Phase Error              (PE):    0.000ns
  Timing Exception:       False Path

    Location             Delay type                Incr(ns)  Path(ns)    Netlist Resource(s)
  -------------------------------------------------------------------    -------------------
                         (clock clk rise edge)        0.000     0.000 r  
    C11                                               0.000     0.000 r  clk (IN)
                         net (fo=0)                   0.000     0.000    clk
    C11                  IBUF (Prop_ibuf_I_O)         0.241     0.241 r  clk_IBUF_inst/O
                         net (fo=1, routed)           0.634     0.875    clk_IBUF
    BUFGCTRL_X0Y16       BUFG (Prop_bufg_I_O)         0.026     0.901 r  clk_IBUF_BUFG_inst/O
                         net (fo=571, routed)         0.584     1.484    controller_inst/clk_IBUF_BUFG
    SLICE_X63Y24         FDCE                                         r  controller_inst/addr_out_reg[4]/C
  -------------------------------------------------------------------    -------------------
    SLICE_X63Y24         FDCE (Prop_fdce_C_Q)         0.141     1.625 r  controller_inst/addr_out_reg[4]/Q
                         net (fo=2, routed)           0.480     2.106    output_wr_addr_OBUF[4]
    R3                   OBUF (Prop_obuf_I_O)         1.155     3.261 r  output_wr_addr_OBUF[4]_inst/O
                         net (fo=0)                   0.000     3.261    output_wr_addr[4]
    R3                                                                r  output_wr_addr[4] (OUT)
  -------------------------------------------------------------------    -------------------

Slack:                    inf
  Source:                 controller_inst/addr_out_reg[8]/C
                            (rising edge-triggered cell FDCE clocked by clk  {rise@0.000ns fall@5.000ns period=10.000ns})
  Destination:            output_wr_addr[8]
                            (output port)
  Path Group:             (none)
  Path Type:              Min at Fast Process Corner
  Data Path Delay:        1.789ns  (logic 1.281ns (71.611%)  route 0.508ns (28.389%))
  Logic Levels:           1  (OBUF=1)
  Clock Uncertainty:      0.025ns  ((TSJ^2 + TIJ^2)^1/2 + DJ) / 2 + PE
    Total System Jitter     (TSJ):    0.050ns
    Total Input Jitter      (TIJ):    0.000ns
    Discrete Jitter          (DJ):    0.000ns
    Phase Error              (PE):    0.000ns
  Timing Exception:       False Path

    Location             Delay type                Incr(ns)  Path(ns)    Netlist Resource(s)
  -------------------------------------------------------------------    -------------------
                         (clock clk rise edge)        0.000     0.000 r  
    C11                                               0.000     0.000 r  clk (IN)
                         net (fo=0)                   0.000     0.000    clk
    C11                  IBUF (Prop_ibuf_I_O)         0.241     0.241 r  clk_IBUF_inst/O
                         net (fo=1, routed)           0.634     0.875    clk_IBUF
    BUFGCTRL_X0Y16       BUFG (Prop_bufg_I_O)         0.026     0.901 r  clk_IBUF_BUFG_inst/O
                         net (fo=571, routed)         0.585     1.485    controller_inst/clk_IBUF_BUFG
    SLICE_X64Y26         FDCE                                         r  controller_inst/addr_out_reg[8]/C
  -------------------------------------------------------------------    -------------------
    SLICE_X64Y26         FDCE (Prop_fdce_C_Q)         0.164     1.649 r  controller_inst/addr_out_reg[8]/Q
                         net (fo=2, routed)           0.508     2.157    output_wr_addr_OBUF[8]
    M5                   OBUF (Prop_obuf_I_O)         1.117     3.274 r  output_wr_addr_OBUF[8]_inst/O
                         net (fo=0)                   0.000     3.274    output_wr_addr[8]
    M5                                                                r  output_wr_addr[8] (OUT)
  -------------------------------------------------------------------    -------------------

Slack:                    inf
  Source:                 controller_inst/addr_out_reg[6]/C
                            (rising edge-triggered cell FDCE clocked by clk  {rise@0.000ns fall@5.000ns period=10.000ns})
  Destination:            output_wr_addr[6]
                            (output port)
  Path Group:             (none)
  Path Type:              Min at Fast Process Corner
  Data Path Delay:        1.789ns  (logic 1.316ns (73.569%)  route 0.473ns (26.431%))
  Logic Levels:           1  (OBUF=1)
  Clock Uncertainty:      0.025ns  ((TSJ^2 + TIJ^2)^1/2 + DJ) / 2 + PE
    Total System Jitter     (TSJ):    0.050ns
    Total Input Jitter      (TIJ):    0.000ns
    Discrete Jitter          (DJ):    0.000ns
    Phase Error              (PE):    0.000ns
  Timing Exception:       False Path

    Location             Delay type                Incr(ns)  Path(ns)    Netlist Resource(s)
  -------------------------------------------------------------------    -------------------
                         (clock clk rise edge)        0.000     0.000 r  
    C11                                               0.000     0.000 r  clk (IN)
                         net (fo=0)                   0.000     0.000    clk
    C11                  IBUF (Prop_ibuf_I_O)         0.241     0.241 r  clk_IBUF_inst/O
                         net (fo=1, routed)           0.634     0.875    clk_IBUF
    BUFGCTRL_X0Y16       BUFG (Prop_bufg_I_O)         0.026     0.901 r  clk_IBUF_BUFG_inst/O
                         net (fo=571, routed)         0.585     1.485    controller_inst/clk_IBUF_BUFG
    SLICE_X64Y26         FDCE                                         r  controller_inst/addr_out_reg[6]/C
  -------------------------------------------------------------------    -------------------
    SLICE_X64Y26         FDCE (Prop_fdce_C_Q)         0.164     1.649 r  controller_inst/addr_out_reg[6]/Q
                         net (fo=2, routed)           0.473     2.122    output_wr_addr_OBUF[6]
    R2                   OBUF (Prop_obuf_I_O)         1.152     3.275 r  output_wr_addr_OBUF[6]_inst/O
                         net (fo=0)                   0.000     3.275    output_wr_addr[6]
    R2                                                                r  output_wr_addr[6] (OUT)
  -------------------------------------------------------------------    -------------------

Slack:                    inf
  Source:                 controller_inst/addr_out_reg[3]/C
                            (rising edge-triggered cell FDCE clocked by clk  {rise@0.000ns fall@5.000ns period=10.000ns})
  Destination:            output_wr_addr[3]
                            (output port)
  Path Group:             (none)
  Path Type:              Min at Fast Process Corner
  Data Path Delay:        1.805ns  (logic 1.297ns (71.862%)  route 0.508ns (28.138%))
  Logic Levels:           1  (OBUF=1)
  Clock Uncertainty:      0.025ns  ((TSJ^2 + TIJ^2)^1/2 + DJ) / 2 + PE
    Total System Jitter     (TSJ):    0.050ns
    Total Input Jitter      (TIJ):    0.000ns
    Discrete Jitter          (DJ):    0.000ns
    Phase Error              (PE):    0.000ns
  Timing Exception:       False Path

    Location             Delay type                Incr(ns)  Path(ns)    Netlist Resource(s)
  -------------------------------------------------------------------    -------------------
                         (clock clk rise edge)        0.000     0.000 r  
    C11                                               0.000     0.000 r  clk (IN)
                         net (fo=0)                   0.000     0.000    clk
    C11                  IBUF (Prop_ibuf_I_O)         0.241     0.241 r  clk_IBUF_inst/O
                         net (fo=1, routed)           0.634     0.875    clk_IBUF
    BUFGCTRL_X0Y16       BUFG (Prop_bufg_I_O)         0.026     0.901 r  clk_IBUF_BUFG_inst/O
                         net (fo=571, routed)         0.584     1.484    controller_inst/clk_IBUF_BUFG
    SLICE_X63Y24         FDCE                                         r  controller_inst/addr_out_reg[3]/C
  -------------------------------------------------------------------    -------------------
    SLICE_X63Y24         FDCE (Prop_fdce_C_Q)         0.141     1.625 r  controller_inst/addr_out_reg[3]/Q
                         net (fo=2, routed)           0.508     2.133    output_wr_addr_OBUF[3]
    T2                   OBUF (Prop_obuf_I_O)         1.156     3.290 r  output_wr_addr_OBUF[3]_inst/O
                         net (fo=0)                   0.000     3.290    output_wr_addr[3]
    T2                                                                r  output_wr_addr[3] (OUT)
  -------------------------------------------------------------------    -------------------

Slack:                    inf
  Source:                 controller_inst/addr_out_reg[10]/C
                            (rising edge-triggered cell FDCE clocked by clk  {rise@0.000ns fall@5.000ns period=10.000ns})
  Destination:            output_wr_addr[10]
                            (output port)
  Path Group:             (none)
  Path Type:              Min at Fast Process Corner
  Data Path Delay:        1.817ns  (logic 1.298ns (71.446%)  route 0.519ns (28.554%))
  Logic Levels:           1  (OBUF=1)
  Clock Uncertainty:      0.025ns  ((TSJ^2 + TIJ^2)^1/2 + DJ) / 2 + PE
    Total System Jitter     (TSJ):    0.050ns
    Total Input Jitter      (TIJ):    0.000ns
    Discrete Jitter          (DJ):    0.000ns
    Phase Error              (PE):    0.000ns
  Timing Exception:       False Path

    Location             Delay type                Incr(ns)  Path(ns)    Netlist Resource(s)
  -------------------------------------------------------------------    -------------------
                         (clock clk rise edge)        0.000     0.000 r  
    C11                                               0.000     0.000 r  clk (IN)
                         net (fo=0)                   0.000     0.000    clk
    C11                  IBUF (Prop_ibuf_I_O)         0.241     0.241 r  clk_IBUF_inst/O
                         net (fo=1, routed)           0.634     0.875    clk_IBUF
    BUFGCTRL_X0Y16       BUFG (Prop_bufg_I_O)         0.026     0.901 r  clk_IBUF_BUFG_inst/O
                         net (fo=571, routed)         0.587     1.487    controller_inst/clk_IBUF_BUFG
    SLICE_X64Y27         FDCE                                         r  controller_inst/addr_out_reg[10]/C
  -------------------------------------------------------------------    -------------------
    SLICE_X64Y27         FDCE (Prop_fdce_C_Q)         0.164     1.651 r  controller_inst/addr_out_reg[10]/Q
                         net (fo=2, routed)           0.519     2.170    output_wr_addr_OBUF[10]
    P4                   OBUF (Prop_obuf_I_O)         1.134     3.304 r  output_wr_addr_OBUF[10]_inst/O
                         net (fo=0)                   0.000     3.304    output_wr_addr[10]
    P4                                                                r  output_wr_addr[10] (OUT)
  -------------------------------------------------------------------    -------------------

Slack:                    inf
  Source:                 controller_inst/addr_out_reg[11]/C
                            (rising edge-triggered cell FDCE clocked by clk  {rise@0.000ns fall@5.000ns period=10.000ns})
  Destination:            output_wr_addr[11]
                            (output port)
  Path Group:             (none)
  Path Type:              Min at Fast Process Corner
  Data Path Delay:        1.827ns  (logic 1.308ns (71.586%)  route 0.519ns (28.414%))
  Logic Levels:           1  (OBUF=1)
  Clock Uncertainty:      0.025ns  ((TSJ^2 + TIJ^2)^1/2 + DJ) / 2 + PE
    Total System Jitter     (TSJ):    0.050ns
    Total Input Jitter      (TIJ):    0.000ns
    Discrete Jitter          (DJ):    0.000ns
    Phase Error              (PE):    0.000ns
  Timing Exception:       False Path

    Location             Delay type                Incr(ns)  Path(ns)    Netlist Resource(s)
  -------------------------------------------------------------------    -------------------
                         (clock clk rise edge)        0.000     0.000 r  
    C11                                               0.000     0.000 r  clk (IN)
                         net (fo=0)                   0.000     0.000    clk
    C11                  IBUF (Prop_ibuf_I_O)         0.241     0.241 r  clk_IBUF_inst/O
                         net (fo=1, routed)           0.634     0.875    clk_IBUF
    BUFGCTRL_X0Y16       BUFG (Prop_bufg_I_O)         0.026     0.901 r  clk_IBUF_BUFG_inst/O
                         net (fo=571, routed)         0.587     1.487    controller_inst/clk_IBUF_BUFG
    SLICE_X64Y27         FDCE                                         r  controller_inst/addr_out_reg[11]/C
  -------------------------------------------------------------------    -------------------
    SLICE_X64Y27         FDCE (Prop_fdce_C_Q)         0.164     1.651 r  controller_inst/addr_out_reg[11]/Q
                         net (fo=2, routed)           0.519     2.171    output_wr_addr_OBUF[11]
    P1                   OBUF (Prop_obuf_I_O)         1.144     3.314 r  output_wr_addr_OBUF[11]_inst/O
                         net (fo=0)                   0.000     3.314    output_wr_addr[11]
    P1                                                                r  output_wr_addr[11] (OUT)
  -------------------------------------------------------------------    -------------------

Slack:                    inf
  Source:                 controller_inst/addr_out_reg[13]/C
                            (rising edge-triggered cell FDCE clocked by clk  {rise@0.000ns fall@5.000ns period=10.000ns})
  Destination:            output_wr_addr[13]
                            (output port)
  Path Group:             (none)
  Path Type:              Min at Fast Process Corner
  Data Path Delay:        1.832ns  (logic 1.296ns (70.728%)  route 0.536ns (29.272%))
  Logic Levels:           1  (OBUF=1)
  Clock Uncertainty:      0.025ns  ((TSJ^2 + TIJ^2)^1/2 + DJ) / 2 + PE
    Total System Jitter     (TSJ):    0.050ns
    Total Input Jitter      (TIJ):    0.000ns
    Discrete Jitter          (DJ):    0.000ns
    Phase Error              (PE):    0.000ns
  Timing Exception:       False Path

    Location             Delay type                Incr(ns)  Path(ns)    Netlist Resource(s)
  -------------------------------------------------------------------    -------------------
                         (clock clk rise edge)        0.000     0.000 r  
    C11                                               0.000     0.000 r  clk (IN)
                         net (fo=0)                   0.000     0.000    clk
    C11                  IBUF (Prop_ibuf_I_O)         0.241     0.241 r  clk_IBUF_inst/O
                         net (fo=1, routed)           0.634     0.875    clk_IBUF
    BUFGCTRL_X0Y16       BUFG (Prop_bufg_I_O)         0.026     0.901 r  clk_IBUF_BUFG_inst/O
                         net (fo=571, routed)         0.587     1.487    controller_inst/clk_IBUF_BUFG
    SLICE_X64Y28         FDCE                                         r  controller_inst/addr_out_reg[13]/C
  -------------------------------------------------------------------    -------------------
    SLICE_X64Y28         FDCE (Prop_fdce_C_Q)         0.164     1.651 r  controller_inst/addr_out_reg[13]/Q
                         net (fo=2, routed)           0.536     2.188    output_wr_addr_OBUF[13]
    N2                   OBUF (Prop_obuf_I_O)         1.132     3.320 r  output_wr_addr_OBUF[13]_inst/O
                         net (fo=0)                   0.000     3.320    output_wr_addr[13]
    N2                                                                r  output_wr_addr[13] (OUT)
  -------------------------------------------------------------------    -------------------

Slack:                    inf
  Source:                 controller_inst/addr_out_reg[15]/C
                            (rising edge-triggered cell FDCE clocked by clk  {rise@0.000ns fall@5.000ns period=10.000ns})
  Destination:            output_wr_addr[15]
                            (output port)
  Path Group:             (none)
  Path Type:              Min at Fast Process Corner
  Data Path Delay:        1.842ns  (logic 1.306ns (70.917%)  route 0.536ns (29.083%))
  Logic Levels:           1  (OBUF=1)
  Clock Uncertainty:      0.025ns  ((TSJ^2 + TIJ^2)^1/2 + DJ) / 2 + PE
    Total System Jitter     (TSJ):    0.050ns
    Total Input Jitter      (TIJ):    0.000ns
    Discrete Jitter          (DJ):    0.000ns
    Phase Error              (PE):    0.000ns
  Timing Exception:       False Path

    Location             Delay type                Incr(ns)  Path(ns)    Netlist Resource(s)
  -------------------------------------------------------------------    -------------------
                         (clock clk rise edge)        0.000     0.000 r  
    C11                                               0.000     0.000 r  clk (IN)
                         net (fo=0)                   0.000     0.000    clk
    C11                  IBUF (Prop_ibuf_I_O)         0.241     0.241 r  clk_IBUF_inst/O
                         net (fo=1, routed)           0.634     0.875    clk_IBUF
    BUFGCTRL_X0Y16       BUFG (Prop_bufg_I_O)         0.026     0.901 r  clk_IBUF_BUFG_inst/O
                         net (fo=571, routed)         0.587     1.487    controller_inst/clk_IBUF_BUFG
    SLICE_X64Y28         FDCE                                         r  controller_inst/addr_out_reg[15]/C
  -------------------------------------------------------------------    -------------------
    SLICE_X64Y28         FDCE (Prop_fdce_C_Q)         0.164     1.651 r  controller_inst/addr_out_reg[15]/Q
                         net (fo=2, routed)           0.536     2.187    output_wr_addr_OBUF[15]
    M1                   OBUF (Prop_obuf_I_O)         1.142     3.329 r  output_wr_addr_OBUF[15]_inst/O
                         net (fo=0)                   0.000     3.329    output_wr_addr[15]
    M1                                                                r  output_wr_addr[15] (OUT)
  -------------------------------------------------------------------    -------------------

Slack:                    inf
  Source:                 datapath_inst/activation_inst/data_out_reg[0]_lopt_replica/C
                            (rising edge-triggered cell FDCE clocked by clk  {rise@0.000ns fall@5.000ns period=10.000ns})
  Destination:            output_data[0]
                            (output port)
  Path Group:             (none)
  Path Type:              Min at Fast Process Corner
  Data Path Delay:        1.839ns  (logic 1.252ns (68.057%)  route 0.588ns (31.943%))
  Logic Levels:           1  (OBUF=1)
  Clock Uncertainty:      0.025ns  ((TSJ^2 + TIJ^2)^1/2 + DJ) / 2 + PE
    Total System Jitter     (TSJ):    0.050ns
    Total Input Jitter      (TIJ):    0.000ns
    Discrete Jitter          (DJ):    0.000ns
    Phase Error              (PE):    0.000ns
  Timing Exception:       False Path

    Location             Delay type                Incr(ns)  Path(ns)    Netlist Resource(s)
  -------------------------------------------------------------------    -------------------
                         (clock clk rise edge)        0.000     0.000 r  
    C11                                               0.000     0.000 r  clk (IN)
                         net (fo=0)                   0.000     0.000    clk
    C11                  IBUF (Prop_ibuf_I_O)         0.241     0.241 r  clk_IBUF_inst/O
                         net (fo=1, routed)           0.634     0.875    clk_IBUF
    BUFGCTRL_X0Y16       BUFG (Prop_bufg_I_O)         0.026     0.901 r  clk_IBUF_BUFG_inst/O
                         net (fo=571, routed)         0.590     1.490    datapath_inst/activation_inst/clk_IBUF_BUFG
    SLICE_X65Y31         FDCE                                         r  datapath_inst/activation_inst/data_out_reg[0]_lopt_replica/C
  -------------------------------------------------------------------    -------------------
    SLICE_X65Y31         FDCE (Prop_fdce_C_Q)         0.141     1.631 r  datapath_inst/activation_inst/data_out_reg[0]_lopt_replica/Q
                         net (fo=1, routed)           0.588     2.219    lopt
    K5                   OBUF (Prop_obuf_I_O)         1.111     3.330 r  output_data_OBUF[0]_inst/O
                         net (fo=0)                   0.000     3.330    output_data[0]
    K5                                                                r  output_data[0] (OUT)
  -------------------------------------------------------------------    -------------------





--------------------------------------------------------------------------------------
Path Group:  (none)
From Clock:  
  To Clock:  clk

Max Delay           690 Endpoints
Min Delay           690 Endpoints
--------------------------------------------------------------------------------------


Max Delay Paths
--------------------------------------------------------------------------------------
Slack:                    inf
  Source:                 rst_n
                            (input port)
  Destination:            controller_inst/FSM_onehot_state_reg[0]/PRE
                            (recovery check against rising-edge clock clk  {rise@0.000ns fall@5.000ns period=10.000ns})
  Path Group:             (none)
  Path Type:              Recovery (Max at Slow Process Corner)
  Data Path Delay:        11.272ns  (logic 1.136ns (10.075%)  route 10.136ns (89.925%))
  Logic Levels:           2  (IBUF=1 LUT1=1)
  Clock Path Skew:        4.280ns (DCD - SCD + CPR)
    Destination Clock Delay (DCD):    4.280ns
    Source Clock Delay      (SCD):    0.000ns
    Clock Pessimism Removal (CPR):    0.000ns
  Clock Uncertainty:      0.025ns  ((TSJ^2 + TIJ^2)^1/2 + DJ) / 2 + PE
    Total System Jitter     (TSJ):    0.050ns
    Total Input Jitter      (TIJ):    0.000ns
    Discrete Jitter          (DJ):    0.000ns
    Phase Error              (PE):    0.000ns
  Timing Exception:       False Path

    Location             Delay type                Incr(ns)  Path(ns)    Netlist Resource(s)
  -------------------------------------------------------------------    -------------------
    A10                                               0.000     0.000 r  rst_n (IN)
                         net (fo=0)                   0.000     0.000    rst_n
    A10                  IBUF (Prop_ibuf_I_O)         1.012     1.012 r  rst_n_IBUF_inst/O
                         net (fo=1, routed)           3.880     4.892    datapath_inst/mac_inst/rst_n_IBUF
    SLICE_X42Y33         LUT1 (Prop_lut1_I0_O)        0.124     5.016 f  datapath_inst/mac_inst/FSM_onehot_state[6]_i_3/O
                         net (fo=559, routed)         6.256    11.272    controller_inst/done_reg_0
    SLICE_X57Y27         FDPE                                         f  controller_inst/FSM_onehot_state_reg[0]/PRE
  -------------------------------------------------------------------    -------------------

                         (clock clk rise edge)        0.000     0.000 r  
    C11                                               0.000     0.000 r  clk (IN)
                         net (fo=0)                   0.000     0.000    clk
    C11                  IBUF (Prop_ibuf_I_O)         0.878     0.878 r  clk_IBUF_inst/O
                         net (fo=1, routed)           1.868     2.746    clk_IBUF
    BUFGCTRL_X0Y16       BUFG (Prop_bufg_I_O)         0.091     2.837 r  clk_IBUF_BUFG_inst/O
                         net (fo=571, routed)         1.442     4.280    controller_inst/clk_IBUF_BUFG
    SLICE_X57Y27         FDPE                                         r  controller_inst/FSM_onehot_state_reg[0]/C

Slack:                    inf
  Source:                 rst_n
                            (input port)
  Destination:            controller_inst/FSM_onehot_state_reg[1]/CLR
                            (recovery check against rising-edge clock clk  {rise@0.000ns fall@5.000ns period=10.000ns})
  Path Group:             (none)
  Path Type:              Recovery (Max at Slow Process Corner)
  Data Path Delay:        11.272ns  (logic 1.136ns (10.075%)  route 10.136ns (89.925%))
  Logic Levels:           2  (IBUF=1 LUT1=1)
  Clock Path Skew:        4.280ns (DCD - SCD + CPR)
    Destination Clock Delay (DCD):    4.280ns
    Source Clock Delay      (SCD):    0.000ns
    Clock Pessimism Removal (CPR):    0.000ns
  Clock Uncertainty:      0.025ns  ((TSJ^2 + TIJ^2)^1/2 + DJ) / 2 + PE
    Total System Jitter     (TSJ):    0.050ns
    Total Input Jitter      (TIJ):    0.000ns
    Discrete Jitter          (DJ):    0.000ns
    Phase Error              (PE):    0.000ns
  Timing Exception:       False Path

    Location             Delay type                Incr(ns)  Path(ns)    Netlist Resource(s)
  -------------------------------------------------------------------    -------------------
    A10                                               0.000     0.000 r  rst_n (IN)
                         net (fo=0)                   0.000     0.000    rst_n
    A10                  IBUF (Prop_ibuf_I_O)         1.012     1.012 r  rst_n_IBUF_inst/O
                         net (fo=1, routed)           3.880     4.892    datapath_inst/mac_inst/rst_n_IBUF
    SLICE_X42Y33         LUT1 (Prop_lut1_I0_O)        0.124     5.016 f  datapath_inst/mac_inst/FSM_onehot_state[6]_i_3/O
                         net (fo=559, routed)         6.256    11.272    controller_inst/done_reg_0
    SLICE_X57Y27         FDCE                                         f  controller_inst/FSM_onehot_state_reg[1]/CLR
  -------------------------------------------------------------------    -------------------

                         (clock clk rise edge)        0.000     0.000 r  
    C11                                               0.000     0.000 r  clk (IN)
                         net (fo=0)                   0.000     0.000    clk
    C11                  IBUF (Prop_ibuf_I_O)         0.878     0.878 r  clk_IBUF_inst/O
                         net (fo=1, routed)           1.868     2.746    clk_IBUF
    BUFGCTRL_X0Y16       BUFG (Prop_bufg_I_O)         0.091     2.837 r  clk_IBUF_BUFG_inst/O
                         net (fo=571, routed)         1.442     4.280    controller_inst/clk_IBUF_BUFG
    SLICE_X57Y27         FDCE                                         r  controller_inst/FSM_onehot_state_reg[1]/C

Slack:                    inf
  Source:                 rst_n
                            (input port)
  Destination:            controller_inst/FSM_onehot_state_reg[6]/CLR
                            (recovery check against rising-edge clock clk  {rise@0.000ns fall@5.000ns period=10.000ns})
  Path Group:             (none)
  Path Type:              Recovery (Max at Slow Process Corner)
  Data Path Delay:        11.272ns  (logic 1.136ns (10.075%)  route 10.136ns (89.925%))
  Logic Levels:           2  (IBUF=1 LUT1=1)
  Clock Path Skew:        4.280ns (DCD - SCD + CPR)
    Destination Clock Delay (DCD):    4.280ns
    Source Clock Delay      (SCD):    0.000ns
    Clock Pessimism Removal (CPR):    0.000ns
  Clock Uncertainty:      0.025ns  ((TSJ^2 + TIJ^2)^1/2 + DJ) / 2 + PE
    Total System Jitter     (TSJ):    0.050ns
    Total Input Jitter      (TIJ):    0.000ns
    Discrete Jitter          (DJ):    0.000ns
    Phase Error              (PE):    0.000ns
  Timing Exception:       False Path

    Location             Delay type                Incr(ns)  Path(ns)    Netlist Resource(s)
  -------------------------------------------------------------------    -------------------
    A10                                               0.000     0.000 r  rst_n (IN)
                         net (fo=0)                   0.000     0.000    rst_n
    A10                  IBUF (Prop_ibuf_I_O)         1.012     1.012 r  rst_n_IBUF_inst/O
                         net (fo=1, routed)           3.880     4.892    datapath_inst/mac_inst/rst_n_IBUF
    SLICE_X42Y33         LUT1 (Prop_lut1_I0_O)        0.124     5.016 f  datapath_inst/mac_inst/FSM_onehot_state[6]_i_3/O
                         net (fo=559, routed)         6.256    11.272    controller_inst/done_reg_0
    SLICE_X56Y27         FDCE                                         f  controller_inst/FSM_onehot_state_reg[6]/CLR
  -------------------------------------------------------------------    -------------------

                         (clock clk rise edge)        0.000     0.000 r  
    C11                                               0.000     0.000 r  clk (IN)
                         net (fo=0)                   0.000     0.000    clk
    C11                  IBUF (Prop_ibuf_I_O)         0.878     0.878 r  clk_IBUF_inst/O
                         net (fo=1, routed)           1.868     2.746    clk_IBUF
    BUFGCTRL_X0Y16       BUFG (Prop_bufg_I_O)         0.091     2.837 r  clk_IBUF_BUFG_inst/O
                         net (fo=571, routed)         1.442     4.280    controller_inst/clk_IBUF_BUFG
    SLICE_X56Y27         FDCE                                         r  controller_inst/FSM_onehot_state_reg[6]/C

Slack:                    inf
  Source:                 rst_n
                            (input port)
  Destination:            controller_inst/busy_reg/CLR
                            (recovery check against rising-edge clock clk  {rise@0.000ns fall@5.000ns period=10.000ns})
  Path Group:             (none)
  Path Type:              Recovery (Max at Slow Process Corner)
  Data Path Delay:        11.113ns  (logic 1.136ns (10.218%)  route 9.978ns (89.782%))
  Logic Levels:           2  (IBUF=1 LUT1=1)
  Clock Path Skew:        4.282ns (DCD - SCD + CPR)
    Destination Clock Delay (DCD):    4.282ns
    Source Clock Delay      (SCD):    0.000ns
    Clock Pessimism Removal (CPR):    0.000ns
  Clock Uncertainty:      0.025ns  ((TSJ^2 + TIJ^2)^1/2 + DJ) / 2 + PE
    Total System Jitter     (TSJ):    0.050ns
    Total Input Jitter      (TIJ):    0.000ns
    Discrete Jitter          (DJ):    0.000ns
    Phase Error              (PE):    0.000ns
  Timing Exception:       False Path

    Location             Delay type                Incr(ns)  Path(ns)    Netlist Resource(s)
  -------------------------------------------------------------------    -------------------
    A10                                               0.000     0.000 r  rst_n (IN)
                         net (fo=0)                   0.000     0.000    rst_n
    A10                  IBUF (Prop_ibuf_I_O)         1.012     1.012 r  rst_n_IBUF_inst/O
                         net (fo=1, routed)           3.880     4.892    datapath_inst/mac_inst/rst_n_IBUF
    SLICE_X42Y33         LUT1 (Prop_lut1_I0_O)        0.124     5.016 f  datapath_inst/mac_inst/FSM_onehot_state[6]_i_3/O
                         net (fo=559, routed)         6.097    11.113    controller_inst/done_reg_0
    SLICE_X57Y28         FDCE                                         f  controller_inst/busy_reg/CLR
  -------------------------------------------------------------------    -------------------

                         (clock clk rise edge)        0.000     0.000 r  
    C11                                               0.000     0.000 r  clk (IN)
                         net (fo=0)                   0.000     0.000    clk
    C11                  IBUF (Prop_ibuf_I_O)         0.878     0.878 r  clk_IBUF_inst/O
                         net (fo=1, routed)           1.868     2.746    clk_IBUF
    BUFGCTRL_X0Y16       BUFG (Prop_bufg_I_O)         0.091     2.837 r  clk_IBUF_BUFG_inst/O
                         net (fo=571, routed)         1.444     4.282    controller_inst/clk_IBUF_BUFG
    SLICE_X57Y28         FDCE                                         r  controller_inst/busy_reg/C

Slack:                    inf
  Source:                 rst_n
                            (input port)
  Destination:            controller_inst/done_reg/CLR
                            (recovery check against rising-edge clock clk  {rise@0.000ns fall@5.000ns period=10.000ns})
  Path Group:             (none)
  Path Type:              Recovery (Max at Slow Process Corner)
  Data Path Delay:        11.113ns  (logic 1.136ns (10.218%)  route 9.978ns (89.782%))
  Logic Levels:           2  (IBUF=1 LUT1=1)
  Clock Path Skew:        4.282ns (DCD - SCD + CPR)
    Destination Clock Delay (DCD):    4.282ns
    Source Clock Delay      (SCD):    0.000ns
    Clock Pessimism Removal (CPR):    0.000ns
  Clock Uncertainty:      0.025ns  ((TSJ^2 + TIJ^2)^1/2 + DJ) / 2 + PE
    Total System Jitter     (TSJ):    0.050ns
    Total Input Jitter      (TIJ):    0.000ns
    Discrete Jitter          (DJ):    0.000ns
    Phase Error              (PE):    0.000ns
  Timing Exception:       False Path

    Location             Delay type                Incr(ns)  Path(ns)    Netlist Resource(s)
  -------------------------------------------------------------------    -------------------
    A10                                               0.000     0.000 r  rst_n (IN)
                         net (fo=0)                   0.000     0.000    rst_n
    A10                  IBUF (Prop_ibuf_I_O)         1.012     1.012 r  rst_n_IBUF_inst/O
                         net (fo=1, routed)           3.880     4.892    datapath_inst/mac_inst/rst_n_IBUF
    SLICE_X42Y33         LUT1 (Prop_lut1_I0_O)        0.124     5.016 f  datapath_inst/mac_inst/FSM_onehot_state[6]_i_3/O
                         net (fo=559, routed)         6.097    11.113    controller_inst/done_reg_0
    SLICE_X56Y28         FDCE                                         f  controller_inst/done_reg/CLR
  -------------------------------------------------------------------    -------------------

                         (clock clk rise edge)        0.000     0.000 r  
    C11                                               0.000     0.000 r  clk (IN)
                         net (fo=0)                   0.000     0.000    clk
    C11                  IBUF (Prop_ibuf_I_O)         0.878     0.878 r  clk_IBUF_inst/O
                         net (fo=1, routed)           1.868     2.746    clk_IBUF
    BUFGCTRL_X0Y16       BUFG (Prop_bufg_I_O)         0.091     2.837 r  clk_IBUF_BUFG_inst/O
                         net (fo=571, routed)         1.444     4.282    controller_inst/clk_IBUF_BUFG
    SLICE_X56Y28         FDCE                                         r  controller_inst/done_reg/C

Slack:                    inf
  Source:                 rst_n
                            (input port)
  Destination:            controller_inst/FSM_onehot_state_reg[2]/CLR
                            (recovery check against rising-edge clock clk  {rise@0.000ns fall@5.000ns period=10.000ns})
  Path Group:             (none)
  Path Type:              Recovery (Max at Slow Process Corner)
  Data Path Delay:        10.974ns  (logic 1.136ns (10.348%)  route 9.838ns (89.652%))
  Logic Levels:           2  (IBUF=1 LUT1=1)
  Clock Path Skew:        4.279ns (DCD - SCD + CPR)
    Destination Clock Delay (DCD):    4.279ns
    Source Clock Delay      (SCD):    0.000ns
    Clock Pessimism Removal (CPR):    0.000ns
  Clock Uncertainty:      0.025ns  ((TSJ^2 + TIJ^2)^1/2 + DJ) / 2 + PE
    Total System Jitter     (TSJ):    0.050ns
    Total Input Jitter      (TIJ):    0.000ns
    Discrete Jitter          (DJ):    0.000ns
    Phase Error              (PE):    0.000ns
  Timing Exception:       False Path

    Location             Delay type                Incr(ns)  Path(ns)    Netlist Resource(s)
  -------------------------------------------------------------------    -------------------
    A10                                               0.000     0.000 r  rst_n (IN)
                         net (fo=0)                   0.000     0.000    rst_n
    A10                  IBUF (Prop_ibuf_I_O)         1.012     1.012 r  rst_n_IBUF_inst/O
                         net (fo=1, routed)           3.880     4.892    datapath_inst/mac_inst/rst_n_IBUF
    SLICE_X42Y33         LUT1 (Prop_lut1_I0_O)        0.124     5.016 f  datapath_inst/mac_inst/FSM_onehot_state[6]_i_3/O
                         net (fo=559, routed)         5.958    10.974    controller_inst/done_reg_0
    SLICE_X56Y26         FDCE                                         f  controller_inst/FSM_onehot_state_reg[2]/CLR
  -------------------------------------------------------------------    -------------------

                         (clock clk rise edge)        0.000     0.000 r  
    C11                                               0.000     0.000 r  clk (IN)
                         net (fo=0)                   0.000     0.000    clk
    C11                  IBUF (Prop_ibuf_I_O)         0.878     0.878 r  clk_IBUF_inst/O
                         net (fo=1, routed)           1.868     2.746    clk_IBUF
    BUFGCTRL_X0Y16       BUFG (Prop_bufg_I_O)         0.091     2.837 r  clk_IBUF_BUFG_inst/O
                         net (fo=571, routed)         1.441     4.279    controller_inst/clk_IBUF_BUFG
    SLICE_X56Y26         FDCE                                         r  controller_inst/FSM_onehot_state_reg[2]/C

Slack:                    inf
  Source:                 rst_n
                            (input port)
  Destination:            controller_inst/FSM_onehot_state_reg[3]/CLR
                            (recovery check against rising-edge clock clk  {rise@0.000ns fall@5.000ns period=10.000ns})
  Path Group:             (none)
  Path Type:              Recovery (Max at Slow Process Corner)
  Data Path Delay:        10.974ns  (logic 1.136ns (10.348%)  route 9.838ns (89.652%))
  Logic Levels:           2  (IBUF=1 LUT1=1)
  Clock Path Skew:        4.279ns (DCD - SCD + CPR)
    Destination Clock Delay (DCD):    4.279ns
    Source Clock Delay      (SCD):    0.000ns
    Clock Pessimism Removal (CPR):    0.000ns
  Clock Uncertainty:      0.025ns  ((TSJ^2 + TIJ^2)^1/2 + DJ) / 2 + PE
    Total System Jitter     (TSJ):    0.050ns
    Total Input Jitter      (TIJ):    0.000ns
    Discrete Jitter          (DJ):    0.000ns
    Phase Error              (PE):    0.000ns
  Timing Exception:       False Path

    Location             Delay type                Incr(ns)  Path(ns)    Netlist Resource(s)
  -------------------------------------------------------------------    -------------------
    A10                                               0.000     0.000 r  rst_n (IN)
                         net (fo=0)                   0.000     0.000    rst_n
    A10                  IBUF (Prop_ibuf_I_O)         1.012     1.012 r  rst_n_IBUF_inst/O
                         net (fo=1, routed)           3.880     4.892    datapath_inst/mac_inst/rst_n_IBUF
    SLICE_X42Y33         LUT1 (Prop_lut1_I0_O)        0.124     5.016 f  datapath_inst/mac_inst/FSM_onehot_state[6]_i_3/O
                         net (fo=559, routed)         5.958    10.974    controller_inst/done_reg_0
    SLICE_X56Y26         FDCE                                         f  controller_inst/FSM_onehot_state_reg[3]/CLR
  -------------------------------------------------------------------    -------------------

                         (clock clk rise edge)        0.000     0.000 r  
    C11                                               0.000     0.000 r  clk (IN)
                         net (fo=0)                   0.000     0.000    clk
    C11                  IBUF (Prop_ibuf_I_O)         0.878     0.878 r  clk_IBUF_inst/O
                         net (fo=1, routed)           1.868     2.746    clk_IBUF
    BUFGCTRL_X0Y16       BUFG (Prop_bufg_I_O)         0.091     2.837 r  clk_IBUF_BUFG_inst/O
                         net (fo=571, routed)         1.441     4.279    controller_inst/clk_IBUF_BUFG
    SLICE_X56Y26         FDCE                                         r  controller_inst/FSM_onehot_state_reg[3]/C

Slack:                    inf
  Source:                 rst_n
                            (input port)
  Destination:            controller_inst/FSM_onehot_state_reg[4]/CLR
                            (recovery check against rising-edge clock clk  {rise@0.000ns fall@5.000ns period=10.000ns})
  Path Group:             (none)
  Path Type:              Recovery (Max at Slow Process Corner)
  Data Path Delay:        10.974ns  (logic 1.136ns (10.348%)  route 9.838ns (89.652%))
  Logic Levels:           2  (IBUF=1 LUT1=1)
  Clock Path Skew:        4.279ns (DCD - SCD + CPR)
    Destination Clock Delay (DCD):    4.279ns
    Source Clock Delay      (SCD):    0.000ns
    Clock Pessimism Removal (CPR):    0.000ns
  Clock Uncertainty:      0.025ns  ((TSJ^2 + TIJ^2)^1/2 + DJ) / 2 + PE
    Total System Jitter     (TSJ):    0.050ns
    Total Input Jitter      (TIJ):    0.000ns
    Discrete Jitter          (DJ):    0.000ns
    Phase Error              (PE):    0.000ns
  Timing Exception:       False Path

    Location             Delay type                Incr(ns)  Path(ns)    Netlist Resource(s)
  -------------------------------------------------------------------    -------------------
    A10                                               0.000     0.000 r  rst_n (IN)
                         net (fo=0)                   0.000     0.000    rst_n
    A10                  IBUF (Prop_ibuf_I_O)         1.012     1.012 r  rst_n_IBUF_inst/O
                         net (fo=1, routed)           3.880     4.892    datapath_inst/mac_inst/rst_n_IBUF
    SLICE_X42Y33         LUT1 (Prop_lut1_I0_O)        0.124     5.016 f  datapath_inst/mac_inst/FSM_onehot_state[6]_i_3/O
                         net (fo=559, routed)         5.958    10.974    controller_inst/done_reg_0
    SLICE_X56Y26         FDCE                                         f  controller_inst/FSM_onehot_state_reg[4]/CLR
  -------------------------------------------------------------------    -------------------

                         (clock clk rise edge)        0.000     0.000 r  
    C11                                               0.000     0.000 r  clk (IN)
                         net (fo=0)                   0.000     0.000    clk
    C11                  IBUF (Prop_ibuf_I_O)         0.878     0.878 r  clk_IBUF_inst/O
                         net (fo=1, routed)           1.868     2.746    clk_IBUF
    BUFGCTRL_X0Y16       BUFG (Prop_bufg_I_O)         0.091     2.837 r  clk_IBUF_BUFG_inst/O
                         net (fo=571, routed)         1.441     4.279    controller_inst/clk_IBUF_BUFG
    SLICE_X56Y26         FDCE                                         r  controller_inst/FSM_onehot_state_reg[4]/C

Slack:                    inf
  Source:                 rst_n
                            (input port)
  Destination:            controller_inst/FSM_onehot_state_reg[5]/CLR
                            (recovery check against rising-edge clock clk  {rise@0.000ns fall@5.000ns period=10.000ns})
  Path Group:             (none)
  Path Type:              Recovery (Max at Slow Process Corner)
  Data Path Delay:        10.974ns  (logic 1.136ns (10.348%)  route 9.838ns (89.652%))
  Logic Levels:           2  (IBUF=1 LUT1=1)
  Clock Path Skew:        4.279ns (DCD - SCD + CPR)
    Destination Clock Delay (DCD):    4.279ns
    Source Clock Delay      (SCD):    0.000ns
    Clock Pessimism Removal (CPR):    0.000ns
  Clock Uncertainty:      0.025ns  ((TSJ^2 + TIJ^2)^1/2 + DJ) / 2 + PE
    Total System Jitter     (TSJ):    0.050ns
    Total Input Jitter      (TIJ):    0.000ns
    Discrete Jitter          (DJ):    0.000ns
    Phase Error              (PE):    0.000ns
  Timing Exception:       False Path

    Location             Delay type                Incr(ns)  Path(ns)    Netlist Resource(s)
  -------------------------------------------------------------------    -------------------
    A10                                               0.000     0.000 r  rst_n (IN)
                         net (fo=0)                   0.000     0.000    rst_n
    A10                  IBUF (Prop_ibuf_I_O)         1.012     1.012 r  rst_n_IBUF_inst/O
                         net (fo=1, routed)           3.880     4.892    datapath_inst/mac_inst/rst_n_IBUF
    SLICE_X42Y33         LUT1 (Prop_lut1_I0_O)        0.124     5.016 f  datapath_inst/mac_inst/FSM_onehot_state[6]_i_3/O
                         net (fo=559, routed)         5.958    10.974    controller_inst/done_reg_0
    SLICE_X56Y26         FDCE                                         f  controller_inst/FSM_onehot_state_reg[5]/CLR
  -------------------------------------------------------------------    -------------------

                         (clock clk rise edge)        0.000     0.000 r  
    C11                                               0.000     0.000 r  clk (IN)
                         net (fo=0)                   0.000     0.000    clk
    C11                  IBUF (Prop_ibuf_I_O)         0.878     0.878 r  clk_IBUF_inst/O
                         net (fo=1, routed)           1.868     2.746    clk_IBUF
    BUFGCTRL_X0Y16       BUFG (Prop_bufg_I_O)         0.091     2.837 r  clk_IBUF_BUFG_inst/O
                         net (fo=571, routed)         1.441     4.279    controller_inst/clk_IBUF_BUFG
    SLICE_X56Y26         FDCE                                         r  controller_inst/FSM_onehot_state_reg[5]/C

Slack:                    inf
  Source:                 rst_n
                            (input port)
  Destination:            datapath_inst/activation_inst/data_out_reg[1]/CLR
                            (recovery check against rising-edge clock clk  {rise@0.000ns fall@5.000ns period=10.000ns})
  Path Group:             (none)
  Path Type:              Recovery (Max at Slow Process Corner)
  Data Path Delay:        10.876ns  (logic 1.136ns (10.441%)  route 9.741ns (89.559%))
  Logic Levels:           2  (IBUF=1 LUT1=1)
  Clock Path Skew:        4.352ns (DCD - SCD + CPR)
    Destination Clock Delay (DCD):    4.352ns
    Source Clock Delay      (SCD):    0.000ns
    Clock Pessimism Removal (CPR):    0.000ns
  Clock Uncertainty:      0.025ns  ((TSJ^2 + TIJ^2)^1/2 + DJ) / 2 + PE
    Total System Jitter     (TSJ):    0.050ns
    Total Input Jitter      (TIJ):    0.000ns
    Discrete Jitter          (DJ):    0.000ns
    Phase Error              (PE):    0.000ns
  Timing Exception:       False Path

    Location             Delay type                Incr(ns)  Path(ns)    Netlist Resource(s)
  -------------------------------------------------------------------    -------------------
    A10                                               0.000     0.000 r  rst_n (IN)
                         net (fo=0)                   0.000     0.000    rst_n
    A10                  IBUF (Prop_ibuf_I_O)         1.012     1.012 r  rst_n_IBUF_inst/O
                         net (fo=1, routed)           3.880     4.892    datapath_inst/mac_inst/rst_n_IBUF
    SLICE_X42Y33         LUT1 (Prop_lut1_I0_O)        0.124     5.016 f  datapath_inst/mac_inst/FSM_onehot_state[6]_i_3/O
                         net (fo=559, routed)         5.860    10.876    datapath_inst/activation_inst/valid_reg_0
    SLICE_X65Y32         FDCE                                         f  datapath_inst/activation_inst/data_out_reg[1]/CLR
  -------------------------------------------------------------------    -------------------

                         (clock clk rise edge)        0.000     0.000 r  
    C11                                               0.000     0.000 r  clk (IN)
                         net (fo=0)                   0.000     0.000    clk
    C11                  IBUF (Prop_ibuf_I_O)         0.878     0.878 r  clk_IBUF_inst/O
                         net (fo=1, routed)           1.868     2.746    clk_IBUF
    BUFGCTRL_X0Y16       BUFG (Prop_bufg_I_O)         0.091     2.837 r  clk_IBUF_BUFG_inst/O
                         net (fo=571, routed)         1.514     4.352    datapath_inst/activation_inst/clk_IBUF_BUFG
    SLICE_X65Y32         FDCE                                         r  datapath_inst/activation_inst/data_out_reg[1]/C





Min Delay Paths
--------------------------------------------------------------------------------------
Slack:                    inf
  Source:                 input_addr[10]
                            (input port)
  Destination:            memory_inst/input_bram_reg/ADDRARDADDR[13]
                            (rising edge-triggered cell RAMB36E1 clocked by clk  {rise@0.000ns fall@5.000ns period=10.000ns})
  Path Group:             (none)
  Path Type:              Hold (Min at Fast Process Corner)
  Data Path Delay:        0.754ns  (logic 0.220ns (29.142%)  route 0.535ns (70.858%))
  Logic Levels:           1  (IBUF=1)
  Clock Path Skew:        2.019ns (DCD - SCD - CPR)
    Destination Clock Delay (DCD):    2.019ns
    Source Clock Delay      (SCD):    0.000ns
    Clock Pessimism Removal (CPR):    -0.000ns
  Timing Exception:       False Path

    Location             Delay type                Incr(ns)  Path(ns)    Netlist Resource(s)
  -------------------------------------------------------------------    -------------------
    R13                                               0.000     0.000 r  input_addr[10] (IN)
                         net (fo=0)                   0.000     0.000    input_addr[10]
    R13                  IBUF (Prop_ibuf_I_O)         0.220     0.220 r  input_addr_IBUF[10]_inst/O
                         net (fo=1, routed)           0.535     0.754    memory_inst/input_addr[10]
    RAMB36_X0Y3          RAMB36E1                                     r  memory_inst/input_bram_reg/ADDRARDADDR[13]
  -------------------------------------------------------------------    -------------------

                         (clock clk rise edge)        0.000     0.000 r  
    C11                                               0.000     0.000 r  clk (IN)
                         net (fo=0)                   0.000     0.000    clk
    C11                  IBUF (Prop_ibuf_I_O)         0.430     0.430 r  clk_IBUF_inst/O
                         net (fo=1, routed)           0.689     1.119    clk_IBUF
    BUFGCTRL_X0Y16       BUFG (Prop_bufg_I_O)         0.029     1.148 r  clk_IBUF_BUFG_inst/O
                         net (fo=571, routed)         0.871     2.019    memory_inst/clk_IBUF_BUFG
    RAMB36_X0Y3          RAMB36E1                                     r  memory_inst/input_bram_reg/CLKARDCLK

Slack:                    inf
  Source:                 input_addr[8]
                            (input port)
  Destination:            memory_inst/input_bram_reg/ADDRARDADDR[11]
                            (rising edge-triggered cell RAMB36E1 clocked by clk  {rise@0.000ns fall@5.000ns period=10.000ns})
  Path Group:             (none)
  Path Type:              Hold (Min at Fast Process Corner)
  Data Path Delay:        0.768ns  (logic 0.232ns (30.217%)  route 0.536ns (69.783%))
  Logic Levels:           1  (IBUF=1)
  Clock Path Skew:        2.019ns (DCD - SCD - CPR)
    Destination Clock Delay (DCD):    2.019ns
    Source Clock Delay      (SCD):    0.000ns
    Clock Pessimism Removal (CPR):    -0.000ns
  Timing Exception:       False Path

    Location             Delay type                Incr(ns)  Path(ns)    Netlist Resource(s)
  -------------------------------------------------------------------    -------------------
    R10                                               0.000     0.000 r  input_addr[8] (IN)
                         net (fo=0)                   0.000     0.000    input_addr[8]
    R10                  IBUF (Prop_ibuf_I_O)         0.232     0.232 r  input_addr_IBUF[8]_inst/O
                         net (fo=1, routed)           0.536     0.768    memory_inst/input_addr[8]
    RAMB36_X0Y3          RAMB36E1                                     r  memory_inst/input_bram_reg/ADDRARDADDR[11]
  -------------------------------------------------------------------    -------------------

                         (clock clk rise edge)        0.000     0.000 r  
    C11                                               0.000     0.000 r  clk (IN)
                         net (fo=0)                   0.000     0.000    clk
    C11                  IBUF (Prop_ibuf_I_O)         0.430     0.430 r  clk_IBUF_inst/O
                         net (fo=1, routed)           0.689     1.119    clk_IBUF
    BUFGCTRL_X0Y16       BUFG (Prop_bufg_I_O)         0.029     1.148 r  clk_IBUF_BUFG_inst/O
                         net (fo=571, routed)         0.871     2.019    memory_inst/clk_IBUF_BUFG
    RAMB36_X0Y3          RAMB36E1                                     r  memory_inst/input_bram_reg/CLKARDCLK

Slack:                    inf
  Source:                 input_addr[11]
                            (input port)
  Destination:            memory_inst/input_bram_reg/ADDRARDADDR[14]
                            (rising edge-triggered cell RAMB36E1 clocked by clk  {rise@0.000ns fall@5.000ns period=10.000ns})
  Path Group:             (none)
  Path Type:              Hold (Min at Fast Process Corner)
  Data Path Delay:        0.790ns  (logic 0.228ns (28.865%)  route 0.562ns (71.135%))
  Logic Levels:           1  (IBUF=1)
  Clock Path Skew:        2.019ns (DCD - SCD - CPR)
    Destination Clock Delay (DCD):    2.019ns
    Source Clock Delay      (SCD):    0.000ns
    Clock Pessimism Removal (CPR):    -0.000ns
  Timing Exception:       False Path

    Location             Delay type                Incr(ns)  Path(ns)    Netlist Resource(s)
  -------------------------------------------------------------------    -------------------
    T12                                               0.000     0.000 r  input_addr[11] (IN)
                         net (fo=0)                   0.000     0.000    input_addr[11]
    T12                  IBUF (Prop_ibuf_I_O)         0.228     0.228 r  input_addr_IBUF[11]_inst/O
                         net (fo=1, routed)           0.562     0.790    memory_inst/input_addr[11]
    RAMB36_X0Y3          RAMB36E1                                     r  memory_inst/input_bram_reg/ADDRARDADDR[14]
  -------------------------------------------------------------------    -------------------

                         (clock clk rise edge)        0.000     0.000 r  
    C11                                               0.000     0.000 r  clk (IN)
                         net (fo=0)                   0.000     0.000    clk
    C11                  IBUF (Prop_ibuf_I_O)         0.430     0.430 r  clk_IBUF_inst/O
                         net (fo=1, routed)           0.689     1.119    clk_IBUF
    BUFGCTRL_X0Y16       BUFG (Prop_bufg_I_O)         0.029     1.148 r  clk_IBUF_BUFG_inst/O
                         net (fo=571, routed)         0.871     2.019    memory_inst/clk_IBUF_BUFG
    RAMB36_X0Y3          RAMB36E1                                     r  memory_inst/input_bram_reg/CLKARDCLK

Slack:                    inf
  Source:                 input_addr[6]
                            (input port)
  Destination:            memory_inst/input_bram_reg/ADDRARDADDR[9]
                            (rising edge-triggered cell RAMB36E1 clocked by clk  {rise@0.000ns fall@5.000ns period=10.000ns})
  Path Group:             (none)
  Path Type:              Hold (Min at Fast Process Corner)
  Data Path Delay:        0.805ns  (logic 0.225ns (27.886%)  route 0.581ns (72.114%))
  Logic Levels:           1  (IBUF=1)
  Clock Path Skew:        2.019ns (DCD - SCD - CPR)
    Destination Clock Delay (DCD):    2.019ns
    Source Clock Delay      (SCD):    0.000ns
    Clock Pessimism Removal (CPR):    -0.000ns
  Timing Exception:       False Path

    Location             Delay type                Incr(ns)  Path(ns)    Netlist Resource(s)
  -------------------------------------------------------------------    -------------------
    N9                                                0.000     0.000 r  input_addr[6] (IN)
                         net (fo=0)                   0.000     0.000    input_addr[6]
    N9                   IBUF (Prop_ibuf_I_O)         0.225     0.225 r  input_addr_IBUF[6]_inst/O
                         net (fo=1, routed)           0.581     0.805    memory_inst/input_addr[6]
    RAMB36_X0Y3          RAMB36E1                                     r  memory_inst/input_bram_reg/ADDRARDADDR[9]
  -------------------------------------------------------------------    -------------------

                         (clock clk rise edge)        0.000     0.000 r  
    C11                                               0.000     0.000 r  clk (IN)
                         net (fo=0)                   0.000     0.000    clk
    C11                  IBUF (Prop_ibuf_I_O)         0.430     0.430 r  clk_IBUF_inst/O
                         net (fo=1, routed)           0.689     1.119    clk_IBUF
    BUFGCTRL_X0Y16       BUFG (Prop_bufg_I_O)         0.029     1.148 r  clk_IBUF_BUFG_inst/O
                         net (fo=571, routed)         0.871     2.019    memory_inst/clk_IBUF_BUFG
    RAMB36_X0Y3          RAMB36E1                                     r  memory_inst/input_bram_reg/CLKARDCLK

Slack:                    inf
  Source:                 input_addr[9]
                            (input port)
  Destination:            memory_inst/input_bram_reg/ADDRARDADDR[12]
                            (rising edge-triggered cell RAMB36E1 clocked by clk  {rise@0.000ns fall@5.000ns period=10.000ns})
  Path Group:             (none)
  Path Type:              Hold (Min at Fast Process Corner)
  Data Path Delay:        0.809ns  (logic 0.214ns (26.419%)  route 0.596ns (73.581%))
  Logic Levels:           1  (IBUF=1)
  Clock Path Skew:        2.019ns (DCD - SCD - CPR)
    Destination Clock Delay (DCD):    2.019ns
    Source Clock Delay      (SCD):    0.000ns
    Clock Pessimism Removal (CPR):    -0.000ns
  Timing Exception:       False Path

    Location             Delay type                Incr(ns)  Path(ns)    Netlist Resource(s)
  -------------------------------------------------------------------    -------------------
    T13                                               0.000     0.000 r  input_addr[9] (IN)
                         net (fo=0)                   0.000     0.000    input_addr[9]
    T13                  IBUF (Prop_ibuf_I_O)         0.214     0.214 r  input_addr_IBUF[9]_inst/O
                         net (fo=1, routed)           0.596     0.809    memory_inst/input_addr[9]
    RAMB36_X0Y3          RAMB36E1                                     r  memory_inst/input_bram_reg/ADDRARDADDR[12]
  -------------------------------------------------------------------    -------------------

                         (clock clk rise edge)        0.000     0.000 r  
    C11                                               0.000     0.000 r  clk (IN)
                         net (fo=0)                   0.000     0.000    clk
    C11                  IBUF (Prop_ibuf_I_O)         0.430     0.430 r  clk_IBUF_inst/O
                         net (fo=1, routed)           0.689     1.119    clk_IBUF
    BUFGCTRL_X0Y16       BUFG (Prop_bufg_I_O)         0.029     1.148 r  clk_IBUF_BUFG_inst/O
                         net (fo=571, routed)         0.871     2.019    memory_inst/clk_IBUF_BUFG
    RAMB36_X0Y3          RAMB36E1                                     r  memory_inst/input_bram_reg/CLKARDCLK

Slack:                    inf
  Source:                 input_addr[4]
                            (input port)
  Destination:            memory_inst/input_bram_reg/ADDRARDADDR[7]
                            (rising edge-triggered cell RAMB36E1 clocked by clk  {rise@0.000ns fall@5.000ns period=10.000ns})
  Path Group:             (none)
  Path Type:              Hold (Min at Fast Process Corner)
  Data Path Delay:        0.827ns  (logic 0.249ns (30.148%)  route 0.578ns (69.852%))
  Logic Levels:           1  (IBUF=1)
  Clock Path Skew:        2.019ns (DCD - SCD - CPR)
    Destination Clock Delay (DCD):    2.019ns
    Source Clock Delay      (SCD):    0.000ns
    Clock Pessimism Removal (CPR):    -0.000ns
  Timing Exception:       False Path

    Location             Delay type                Incr(ns)  Path(ns)    Netlist Resource(s)
  -------------------------------------------------------------------    -------------------
    M6                                                0.000     0.000 r  input_addr[4] (IN)
                         net (fo=0)                   0.000     0.000    input_addr[4]
    M6                   IBUF (Prop_ibuf_I_O)         0.249     0.249 r  input_addr_IBUF[4]_inst/O
                         net (fo=1, routed)           0.578     0.827    memory_inst/input_addr[4]
    RAMB36_X0Y3          RAMB36E1                                     r  memory_inst/input_bram_reg/ADDRARDADDR[7]
  -------------------------------------------------------------------    -------------------

                         (clock clk rise edge)        0.000     0.000 r  
    C11                                               0.000     0.000 r  clk (IN)
                         net (fo=0)                   0.000     0.000    clk
    C11                  IBUF (Prop_ibuf_I_O)         0.430     0.430 r  clk_IBUF_inst/O
                         net (fo=1, routed)           0.689     1.119    clk_IBUF
    BUFGCTRL_X0Y16       BUFG (Prop_bufg_I_O)         0.029     1.148 r  clk_IBUF_BUFG_inst/O
                         net (fo=571, routed)         0.871     2.019    memory_inst/clk_IBUF_BUFG
    RAMB36_X0Y3          RAMB36E1                                     r  memory_inst/input_bram_reg/CLKARDCLK

Slack:                    inf
  Source:                 input_addr[5]
                            (input port)
  Destination:            memory_inst/input_bram_reg/ADDRARDADDR[8]
                            (rising edge-triggered cell RAMB36E1 clocked by clk  {rise@0.000ns fall@5.000ns period=10.000ns})
  Path Group:             (none)
  Path Type:              Hold (Min at Fast Process Corner)
  Data Path Delay:        0.843ns  (logic 0.224ns (26.626%)  route 0.618ns (73.374%))
  Logic Levels:           1  (IBUF=1)
  Clock Path Skew:        2.019ns (DCD - SCD - CPR)
    Destination Clock Delay (DCD):    2.019ns
    Source Clock Delay      (SCD):    0.000ns
    Clock Pessimism Removal (CPR):    -0.000ns
  Timing Exception:       False Path

    Location             Delay type                Incr(ns)  Path(ns)    Netlist Resource(s)
  -------------------------------------------------------------------    -------------------
    P9                                                0.000     0.000 r  input_addr[5] (IN)
                         net (fo=0)                   0.000     0.000    input_addr[5]
    P9                   IBUF (Prop_ibuf_I_O)         0.224     0.224 r  input_addr_IBUF[5]_inst/O
                         net (fo=1, routed)           0.618     0.843    memory_inst/input_addr[5]
    RAMB36_X0Y3          RAMB36E1                                     r  memory_inst/input_bram_reg/ADDRARDADDR[8]
  -------------------------------------------------------------------    -------------------

                         (clock clk rise edge)        0.000     0.000 r  
    C11                                               0.000     0.000 r  clk (IN)
                         net (fo=0)                   0.000     0.000    clk
    C11                  IBUF (Prop_ibuf_I_O)         0.430     0.430 r  clk_IBUF_inst/O
                         net (fo=1, routed)           0.689     1.119    clk_IBUF
    BUFGCTRL_X0Y16       BUFG (Prop_bufg_I_O)         0.029     1.148 r  clk_IBUF_BUFG_inst/O
                         net (fo=571, routed)         0.871     2.019    memory_inst/clk_IBUF_BUFG
    RAMB36_X0Y3          RAMB36E1                                     r  memory_inst/input_bram_reg/CLKARDCLK

Slack:                    inf
  Source:                 input_addr[7]
                            (input port)
  Destination:            memory_inst/input_bram_reg/ADDRARDADDR[10]
                            (rising edge-triggered cell RAMB36E1 clocked by clk  {rise@0.000ns fall@5.000ns period=10.000ns})
  Path Group:             (none)
  Path Type:              Hold (Min at Fast Process Corner)
  Data Path Delay:        0.868ns  (logic 0.227ns (26.142%)  route 0.641ns (73.858%))
  Logic Levels:           1  (IBUF=1)
  Clock Path Skew:        2.019ns (DCD - SCD - CPR)
    Destination Clock Delay (DCD):    2.019ns
    Source Clock Delay      (SCD):    0.000ns
    Clock Pessimism Removal (CPR):    -0.000ns
  Timing Exception:       False Path

    Location             Delay type                Incr(ns)  Path(ns)    Netlist Resource(s)
  -------------------------------------------------------------------    -------------------
    R11                                               0.000     0.000 r  input_addr[7] (IN)
                         net (fo=0)                   0.000     0.000    input_addr[7]
    R11                  IBUF (Prop_ibuf_I_O)         0.227     0.227 r  input_addr_IBUF[7]_inst/O
                         net (fo=1, routed)           0.641     0.868    memory_inst/input_addr[7]
    RAMB36_X0Y3          RAMB36E1                                     r  memory_inst/input_bram_reg/ADDRARDADDR[10]
  -------------------------------------------------------------------    -------------------

                         (clock clk rise edge)        0.000     0.000 r  
    C11                                               0.000     0.000 r  clk (IN)
                         net (fo=0)                   0.000     0.000    clk
    C11                  IBUF (Prop_ibuf_I_O)         0.430     0.430 r  clk_IBUF_inst/O
                         net (fo=1, routed)           0.689     1.119    clk_IBUF
    BUFGCTRL_X0Y16       BUFG (Prop_bufg_I_O)         0.029     1.148 r  clk_IBUF_BUFG_inst/O
                         net (fo=571, routed)         0.871     2.019    memory_inst/clk_IBUF_BUFG
    RAMB36_X0Y3          RAMB36E1                                     r  memory_inst/input_bram_reg/CLKARDCLK

Slack:                    inf
  Source:                 input_addr[3]
                            (input port)
  Destination:            memory_inst/input_bram_reg/ADDRARDADDR[6]
                            (rising edge-triggered cell RAMB36E1 clocked by clk  {rise@0.000ns fall@5.000ns period=10.000ns})
  Path Group:             (none)
  Path Type:              Hold (Min at Fast Process Corner)
  Data Path Delay:        0.886ns  (logic 0.248ns (27.947%)  route 0.638ns (72.053%))
  Logic Levels:           1  (IBUF=1)
  Clock Path Skew:        2.019ns (DCD - SCD - CPR)
    Destination Clock Delay (DCD):    2.019ns
    Source Clock Delay      (SCD):    0.000ns
    Clock Pessimism Removal (CPR):    -0.000ns
  Timing Exception:       False Path

    Location             Delay type                Incr(ns)  Path(ns)    Netlist Resource(s)
  -------------------------------------------------------------------    -------------------
    N6                                                0.000     0.000 r  input_addr[3] (IN)
                         net (fo=0)                   0.000     0.000    input_addr[3]
    N6                   IBUF (Prop_ibuf_I_O)         0.248     0.248 r  input_addr_IBUF[3]_inst/O
                         net (fo=1, routed)           0.638     0.886    memory_inst/input_addr[3]
    RAMB36_X0Y3          RAMB36E1                                     r  memory_inst/input_bram_reg/ADDRARDADDR[6]
  -------------------------------------------------------------------    -------------------

                         (clock clk rise edge)        0.000     0.000 r  
    C11                                               0.000     0.000 r  clk (IN)
                         net (fo=0)                   0.000     0.000    clk
    C11                  IBUF (Prop_ibuf_I_O)         0.430     0.430 r  clk_IBUF_inst/O
                         net (fo=1, routed)           0.689     1.119    clk_IBUF
    BUFGCTRL_X0Y16       BUFG (Prop_bufg_I_O)         0.029     1.148 r  clk_IBUF_BUFG_inst/O
                         net (fo=571, routed)         0.871     2.019    memory_inst/clk_IBUF_BUFG
    RAMB36_X0Y3          RAMB36E1                                     r  memory_inst/input_bram_reg/CLKARDCLK

Slack:                    inf
  Source:                 input_addr[1]
                            (input port)
  Destination:            memory_inst/input_bram_reg/ADDRARDADDR[4]
                            (rising edge-triggered cell RAMB36E1 clocked by clk  {rise@0.000ns fall@5.000ns period=10.000ns})
  Path Group:             (none)
  Path Type:              Hold (Min at Fast Process Corner)
  Data Path Delay:        0.891ns  (logic 0.235ns (26.350%)  route 0.656ns (73.650%))
  Logic Levels:           1  (IBUF=1)
  Clock Path Skew:        2.019ns (DCD - SCD - CPR)
    Destination Clock Delay (DCD):    2.019ns
    Source Clock Delay      (SCD):    0.000ns
    Clock Pessimism Removal (CPR):    -0.000ns
  Timing Exception:       False Path

    Location             Delay type                Incr(ns)  Path(ns)    Netlist Resource(s)
  -------------------------------------------------------------------    -------------------
    R8                                                0.000     0.000 r  input_addr[1] (IN)
                         net (fo=0)                   0.000     0.000    input_addr[1]
    R8                   IBUF (Prop_ibuf_I_O)         0.235     0.235 r  input_addr_IBUF[1]_inst/O
                         net (fo=1, routed)           0.656     0.891    memory_inst/input_addr[1]
    RAMB36_X0Y3          RAMB36E1                                     r  memory_inst/input_bram_reg/ADDRARDADDR[4]
  -------------------------------------------------------------------    -------------------

                         (clock clk rise edge)        0.000     0.000 r  
    C11                                               0.000     0.000 r  clk (IN)
                         net (fo=0)                   0.000     0.000    clk
    C11                  IBUF (Prop_ibuf_I_O)         0.430     0.430 r  clk_IBUF_inst/O
                         net (fo=1, routed)           0.689     1.119    clk_IBUF
    BUFGCTRL_X0Y16       BUFG (Prop_bufg_I_O)         0.029     1.148 r  clk_IBUF_BUFG_inst/O
                         net (fo=571, routed)         0.871     2.019    memory_inst/clk_IBUF_BUFG
    RAMB36_X0Y3          RAMB36E1                                     r  memory_inst/input_bram_reg/CLKARDCLK





